valueDate,notes,organization,email,clientName,amount,currency
27-Nov-19,Job Done,Worksuite Technologies LTD,alish@worksuite.co,CC,173.33,USD
27-Nov-19,Job Done,Worksuite Technologies LTD,alish@worksuite.co,NA,375,USD
20-Nov-19,Job Done,Worksuite Technologies LTD,alish@worksuite.co,CC,110,USD
20-Nov-19,Job Done,Worksuite Technologies LTD,alish@worksuite.co,NA,466.67,USD
13-Nov-19,Job Done,Worksuite Technologies LTD,alish@worksuite.co,CC,316.67,USD
13-Nov-19,Job Done,Worksuite Technologies LTD,alish@worksuite.co,NA,616.67,USD
6-Nov-19,Job Done,Worksuite Technologies LTD,alish@worksuite.co,CC,50,USD
6-Nov-19,Job Done,Worksuite Technologies LTD,alish@worksuite.co,NA,866.67,USD
27-Nov-19,Job Done,Worksuite Technologies LTD,alish@worksuite.co,LZ,445,USD
20-Nov-19,Job Done,Worksuite Technologies LTD,ruslan@worksuite.co,LZ,437.5,USD
13-Nov-19,Job Done,Worksuite Technologies LTD,ruslan@worksuite.co,LZ,432.5,USD
6-Nov-19,Job Done,Worksuite Technologies LTD,ruslan@worksuite.co,LZ,442.5,USD
27-Nov-19,Job Done,Worksuite Technologies LTD,elvis@worksuite.co,LZ,693.33,USD
20-Nov-19,Job Done,Worksuite Technologies LTD,elvis@worksuite.co,LZ,523.33,USD
13-Nov-19,Job Done,Worksuite Technologies LTD,elvis@worksuite.co,LZ,663.33,USD
6-Nov-19,Job Done,Worksuite Technologies LTD,elvis@worksuite.co,LZ,403.33,USD
27-Nov-19,Job Done,Worksuite Technologies LTD,hristo@worksuite.co,NA,570,USD
20-Nov-19,Job Done,Worksuite Technologies LTD,hristo@worksuite.co,NA,562.5,USD
13-Nov-19,Job Done,Worksuite Technologies LTD,hristo@worksuite.co,NA,600,USD
6-Nov-19,Job Done,Worksuite Technologies LTD,hristo@worksuite.co,NA,572.5,USD
29-Oct-21,Job Done,Worksuite Technologies LTD,alish@worksuite.co,ID,854,USD
04-Oct-21,Job Done,Worksuite Technologies LTD,alish@worksuite.co,CL,255,USD
30-Oct-21,Job Done,Worksuite Technologies LTD,alish@worksuite.co,AE,188,USD
02-Nov-21,Job Done,Worksuite Technologies LTD,alish@worksuite.co,PL,437,USD
28-Sep-21,Job Done,Worksuite Technologies LTD,alish@worksuite.co,ID,198,USD
25-Jan-22,Job Done,Worksuite Technologies LTD,alish@worksuite.co,PH,447,USD
24-Nov-21,Job Done,Worksuite Technologies LTD,alish@worksuite.co,FI,930,USD
05-Oct-21,Job Done,Worksuite Technologies LTD,alish@worksuite.co,CN,875,USD
01-Oct-21,Job Done,Worksuite Technologies LTD,alish@worksuite.co,NZ,262,USD
26-Jan-22,Job Done,Worksuite Technologies LTD,alish@worksuite.co,ID,107,USD
24-Jan-22,Job Done,Worksuite Technologies LTD,alish@worksuite.co,ID,504,USD
26-Nov-21,Job Done,Worksuite Technologies LTD,alish@worksuite.co,ID,935,USD
15-Oct-21,Job Done,Worksuite Technologies LTD,alish@worksuite.co,UA,417,USD
30-Nov-21,Job Done,Worksuite Technologies LTD,alish@worksuite.co,BR,959,USD
14-Jan-22,Job Done,Worksuite Technologies LTD,alish@worksuite.co,UA,960,USD
20-Jan-22,Job Done,Worksuite Technologies LTD,alish@worksuite.co,JP,291,USD
07-Dec-21,Job Done,Worksuite Technologies LTD,alish@worksuite.co,BR,662,USD
05-Nov-21,Job Done,Worksuite Technologies LTD,alish@worksuite.co,PT,872,USD
01-Nov-21,Job Done,Worksuite Technologies LTD,alish@worksuite.co,PH,338,USD
11-Nov-21,Job Done,Worksuite Technologies LTD,alish@worksuite.co,ID,274,USD
23-Nov-21,Job Done,Worksuite Technologies LTD,alish@worksuite.co,TH,492,USD
02-Nov-21,Job Done,Worksuite Technologies LTD,alish@worksuite.co,PL,747,USD
20-Oct-21,Job Done,Worksuite Technologies LTD,alish@worksuite.co,ID,441,USD
24-Dec-21,Job Done,Worksuite Technologies LTD,alish@worksuite.co,CN,763,USD
08-Jan-22,Job Done,Worksuite Technologies LTD,alish@worksuite.co,CN,388,USD
31-Dec-21,Job Done,Worksuite Technologies LTD,alish@worksuite.co,CO,429,USD
25-Dec-21,Job Done,Worksuite Technologies LTD,alish@worksuite.co,BA,338,USD
21-Jan-22,Job Done,Worksuite Technologies LTD,alish@worksuite.co,BR,564,USD
27-Sep-21,Job Done,Worksuite Technologies LTD,alish@worksuite.co,ID,640,USD
26-Nov-21,Job Done,Worksuite Technologies LTD,alish@worksuite.co,RU,862,USD
20-Dec-21,Job Done,Worksuite Technologies LTD,alish@worksuite.co,RU,499,USD
22-Oct-21,Job Done,Worksuite Technologies LTD,alish@worksuite.co,PH,467,USD
04-Oct-21,Job Done,Worksuite Technologies LTD,alish@worksuite.co,FI,125,USD
02-Nov-21,Job Done,Worksuite Technologies LTD,alish@worksuite.co,ID,825,USD
07-Oct-21,Job Done,Worksuite Technologies LTD,alish@worksuite.co,SE,736,USD
15-Dec-21,Job Done,Worksuite Technologies LTD,alish@worksuite.co,FI,881,USD
12-Nov-21,Job Done,Worksuite Technologies LTD,alish@worksuite.co,BR,450,USD
09-Jan-22,Job Done,Worksuite Technologies LTD,alish@worksuite.co,PH,193,USD
03-Jan-22,Job Done,Worksuite Technologies LTD,alish@worksuite.co,CN,759,USD
11-Oct-21,Job Done,Worksuite Technologies LTD,alish@worksuite.co,CN,442,USD
29-Dec-21,Job Done,Worksuite Technologies LTD,alish@worksuite.co,CA,698,USD
31-Oct-21,Job Done,Worksuite Technologies LTD,alish@worksuite.co,JP,394,USD
11-Jan-22,Job Done,Worksuite Technologies LTD,alish@worksuite.co,PT,868,USD
02-Nov-21,Job Done,Worksuite Technologies LTD,alish@worksuite.co,ID,761,USD
17-Jan-22,Job Done,Worksuite Technologies LTD,alish@worksuite.co,ID,250,USD
06-Nov-21,Job Done,Worksuite Technologies LTD,alish@worksuite.co,LA,887,USD
18-Oct-21,Job Done,Worksuite Technologies LTD,alish@worksuite.co,CN,599,USD
14-Nov-21,Job Done,Worksuite Technologies LTD,alish@worksuite.co,JM,696,USD
02-Nov-21,Job Done,Worksuite Technologies LTD,alish@worksuite.co,CN,206,USD
02-Dec-21,Job Done,Worksuite Technologies LTD,alish@worksuite.co,CN,616,USD
11-Dec-21,Job Done,Worksuite Technologies LTD,alish@worksuite.co,ID,480,USD
26-Oct-21,Job Done,Worksuite Technologies LTD,alish@worksuite.co,CN,656,USD
06-Dec-21,Job Done,Worksuite Technologies LTD,alish@worksuite.co,SE,132,USD
23-Dec-21,Job Done,Worksuite Technologies LTD,alish@worksuite.co,CD,601,USD
22-Jan-22,Job Done,Worksuite Technologies LTD,alish@worksuite.co,MX,868,USD
11-Jan-22,Job Done,Worksuite Technologies LTD,alish@worksuite.co,CN,106,USD
06-Oct-21,Job Done,Worksuite Technologies LTD,ruslan@worksuite.co,PL,938,USD
20-Oct-21,Job Done,Worksuite Technologies LTD,ruslan@worksuite.co,MK,523,USD
14-Nov-21,Job Done,Worksuite Technologies LTD,ruslan@worksuite.co,ID,899,USD
12-Jan-22,Job Done,Worksuite Technologies LTD,ruslan@worksuite.co,US,967,USD
12-Oct-21,Job Done,Worksuite Technologies LTD,ruslan@worksuite.co,CN,264,USD
01-Jan-22,Job Done,Worksuite Technologies LTD,ruslan@worksuite.co,PH,985,USD
21-Dec-21,Job Done,Worksuite Technologies LTD,ruslan@worksuite.co,RU,284,USD
19-Oct-21,Job Done,Worksuite Technologies LTD,ruslan@worksuite.co,SE,797,USD
14-Dec-21,Job Done,Worksuite Technologies LTD,ruslan@worksuite.co,CN,363,USD
19-Dec-21,Job Done,Worksuite Technologies LTD,ruslan@worksuite.co,PH,866,USD
22-Nov-21,Job Done,Worksuite Technologies LTD,ruslan@worksuite.co,AF,850,USD
28-Nov-21,Job Done,Worksuite Technologies LTD,ruslan@worksuite.co,PH,924,USD
27-Oct-21,Job Done,Worksuite Technologies LTD,ruslan@worksuite.co,CN,641,USD
21-Dec-21,Job Done,Worksuite Technologies LTD,ruslan@worksuite.co,US,132,USD
30-Nov-21,Job Done,Worksuite Technologies LTD,ruslan@worksuite.co,BA,202,USD
13-Dec-21,Job Done,Worksuite Technologies LTD,ruslan@worksuite.co,LR,881,USD
21-Jan-22,Job Done,Worksuite Technologies LTD,ruslan@worksuite.co,UA,698,USD
03-Nov-21,Job Done,Worksuite Technologies LTD,ruslan@worksuite.co,CN,489,USD
14-Nov-21,Job Done,Worksuite Technologies LTD,ruslan@worksuite.co,PT,688,USD
29-Sep-21,Job Done,Worksuite Technologies LTD,ruslan@worksuite.co,VN,517,USD
03-Oct-21,Job Done,Worksuite Technologies LTD,ruslan@worksuite.co,TZ,898,USD
14-Jan-22,Job Done,Worksuite Technologies LTD,ruslan@worksuite.co,MX,569,USD
21-Nov-21,Job Done,Worksuite Technologies LTD,ruslan@worksuite.co,CN,508,USD
07-Nov-21,Job Done,Worksuite Technologies LTD,ruslan@worksuite.co,CN,648,USD
14-Dec-21,Job Done,Worksuite Technologies LTD,ruslan@worksuite.co,CN,1000,USD
04-Nov-21,Job Done,Worksuite Technologies LTD,ruslan@worksuite.co,MX,236,USD
03-Nov-21,Job Done,Worksuite Technologies LTD,ruslan@worksuite.co,RS,685,USD
27-Sep-21,Job Done,Worksuite Technologies LTD,ruslan@worksuite.co,BR,115,USD
28-Nov-21,Job Done,Worksuite Technologies LTD,ruslan@worksuite.co,NG,241,USD
08-Nov-21,Job Done,Worksuite Technologies LTD,ruslan@worksuite.co,PN,858,USD
12-Oct-21,Job Done,Worksuite Technologies LTD,ruslan@worksuite.co,UA,221,USD
10-Nov-21,Job Done,Worksuite Technologies LTD,ruslan@worksuite.co,PH,804,USD
01-Nov-21,Job Done,Worksuite Technologies LTD,ruslan@worksuite.co,KE,945,USD
12-Nov-21,Job Done,Worksuite Technologies LTD,ruslan@worksuite.co,PK,347,USD
07-Jan-22,Job Done,Worksuite Technologies LTD,ruslan@worksuite.co,TJ,635,USD
29-Nov-21,Job Done,Worksuite Technologies LTD,ruslan@worksuite.co,JP,417,USD
13-Jan-22,Job Done,Worksuite Technologies LTD,ruslan@worksuite.co,PL,138,USD
19-Nov-21,Job Done,Worksuite Technologies LTD,ruslan@worksuite.co,SE,743,USD
17-Dec-21,Job Done,Worksuite Technologies LTD,ruslan@worksuite.co,ID,284,USD
17-Dec-21,Job Done,Worksuite Technologies LTD,ruslan@worksuite.co,BY,173,USD
24-Jan-22,Job Done,Worksuite Technologies LTD,ruslan@worksuite.co,CN,980,USD
30-Oct-21,Job Done,Worksuite Technologies LTD,ruslan@worksuite.co,AR,460,USD
14-Nov-21,Job Done,Worksuite Technologies LTD,ruslan@worksuite.co,CN,495,USD
26-Jan-22,Job Done,Worksuite Technologies LTD,ruslan@worksuite.co,VN,138,USD
16-Dec-21,Job Done,Worksuite Technologies LTD,ruslan@worksuite.co,CN,206,USD
30-Sep-21,Job Done,Worksuite Technologies LTD,ruslan@worksuite.co,PH,718,USD
11-Jan-22,Job Done,Worksuite Technologies LTD,ruslan@worksuite.co,LK,536,USD
13-Nov-21,Job Done,Worksuite Technologies LTD,ruslan@worksuite.co,ID,386,USD
19-Nov-21,Job Done,Worksuite Technologies LTD,ruslan@worksuite.co,PT,417,USD
06-Oct-21,Job Done,Worksuite Technologies LTD,ruslan@worksuite.co,ID,211,USD
06-Jan-22,Job Done,Worksuite Technologies LTD,ruslan@worksuite.co,ID,437,USD
24-Dec-21,Job Done,Worksuite Technologies LTD,ruslan@worksuite.co,US,132,USD
31-Dec-21,Job Done,Worksuite Technologies LTD,ruslan@worksuite.co,PK,385,USD
02-Nov-21,Job Done,Worksuite Technologies LTD,ruslan@worksuite.co,CN,542,USD
20-Jan-22,Job Done,Worksuite Technologies LTD,ruslan@worksuite.co,AZ,327,USD
14-Jan-22,Job Done,Worksuite Technologies LTD,ruslan@worksuite.co,CN,977,USD
06-Dec-21,Job Done,Worksuite Technologies LTD,ruslan@worksuite.co,CN,544,USD
22-Oct-21,Job Done,Worksuite Technologies LTD,ruslan@worksuite.co,PH,175,USD
22-Nov-21,Job Done,Worksuite Technologies LTD,ruslan@worksuite.co,US,522,USD
05-Dec-21,Job Done,Worksuite Technologies LTD,ruslan@worksuite.co,PH,353,USD
23-Oct-21,Job Done,Worksuite Technologies LTD,ruslan@worksuite.co,AR,860,USD
09-Dec-21,Job Done,Worksuite Technologies LTD,ruslan@worksuite.co,SI,871,USD
17-Nov-21,Job Done,Worksuite Technologies LTD,ruslan@worksuite.co,MA,229,USD
21-Nov-21,Job Done,Worksuite Technologies LTD,ruslan@worksuite.co,NG,960,USD
10-Nov-21,Job Done,Worksuite Technologies LTD,ruslan@worksuite.co,MA,256,USD
26-Dec-21,Job Done,Worksuite Technologies LTD,ruslan@worksuite.co,PL,977,USD
16-Jan-22,Job Done,Worksuite Technologies LTD,ruslan@worksuite.co,BY,465,USD
30-Oct-21,Job Done,Worksuite Technologies LTD,ruslan@worksuite.co,EG,841,USD
26-Dec-21,Job Done,Worksuite Technologies LTD,ruslan@worksuite.co,CO,346,USD
23-Nov-21,Job Done,Worksuite Technologies LTD,ruslan@worksuite.co,SV,890,USD
27-Nov-21,Job Done,Worksuite Technologies LTD,ruslan@worksuite.co,CN,509,USD
12-Dec-21,Job Done,Worksuite Technologies LTD,ruslan@worksuite.co,CZ,128,USD
09-Oct-21,Job Done,Worksuite Technologies LTD,ruslan@worksuite.co,CN,415,USD
20-Jan-22,Job Done,Worksuite Technologies LTD,ruslan@worksuite.co,CN,814,USD
28-Nov-21,Job Done,Worksuite Technologies LTD,ruslan@worksuite.co,CN,189,USD
03-Nov-21,Job Done,Worksuite Technologies LTD,ruslan@worksuite.co,SY,768,USD
01-Dec-21,Job Done,Worksuite Technologies LTD,ruslan@worksuite.co,CZ,306,USD
10-Oct-21,Job Done,Worksuite Technologies LTD,ruslan@worksuite.co,UA,497,USD
16-Jan-22,Job Done,Worksuite Technologies LTD,ruslan@worksuite.co,MX,808,USD
05-Jan-22,Job Done,Worksuite Technologies LTD,ruslan@worksuite.co,UG,829,USD
26-Oct-21,Job Done,Worksuite Technologies LTD,ruslan@worksuite.co,US,377,USD
21-Jan-22,Job Done,Worksuite Technologies LTD,ruslan@worksuite.co,CN,747,USD
28-Nov-21,Job Done,Worksuite Technologies LTD,ruslan@worksuite.co,KE,829,USD
14-Dec-21,Job Done,Worksuite Technologies LTD,ruslan@worksuite.co,BR,268,USD
16-Dec-21,Job Done,Worksuite Technologies LTD,ruslan@worksuite.co,JP,292,USD
28-Sep-21,Job Done,Worksuite Technologies LTD,ruslan@worksuite.co,CN,679,USD
24-Oct-21,Job Done,Worksuite Technologies LTD,ruslan@worksuite.co,IE,410,USD
07-Nov-21,Job Done,Worksuite Technologies LTD,ruslan@worksuite.co,BR,515,USD
04-Nov-21,Job Done,Worksuite Technologies LTD,ruslan@worksuite.co,VN,304,USD
19-Jan-22,Job Done,Worksuite Technologies LTD,ruslan@worksuite.co,PE,681,USD
29-Dec-21,Job Done,Worksuite Technologies LTD,ruslan@worksuite.co,VE,908,USD
29-Nov-21,Job Done,Worksuite Technologies LTD,ruslan@worksuite.co,BR,904,USD
19-Jan-22,Job Done,Worksuite Technologies LTD,ruslan@worksuite.co,RU,825,USD
12-Nov-21,Job Done,Worksuite Technologies LTD,ruslan@worksuite.co,CN,980,USD
22-Jan-22,Job Done,Worksuite Technologies LTD,ruslan@worksuite.co,UG,636,USD
03-Jan-22,Job Done,Worksuite Technologies LTD,ruslan@worksuite.co,CN,748,USD
17-Dec-21,Job Done,Worksuite Technologies LTD,ruslan@worksuite.co,DE,649,USD
26-Jan-22,Job Done,Worksuite Technologies LTD,ruslan@worksuite.co,BR,990,USD
19-Dec-21,Job Done,Worksuite Technologies LTD,ruslan@worksuite.co,ID,418,USD
14-Dec-21,Job Done,Worksuite Technologies LTD,ruslan@worksuite.co,PE,508,USD
18-Jan-22,Job Done,Worksuite Technologies LTD,ruslan@worksuite.co,PH,834,USD
20-Nov-21,Job Done,Worksuite Technologies LTD,booster@worksuite.co,AZ,553,USD
26-Jan-22,Job Done,Worksuite Technologies LTD,booster@worksuite.co,US,134,USD
18-Oct-21,Job Done,Worksuite Technologies LTD,booster@worksuite.co,BW,462,USD
16-Nov-21,Job Done,Worksuite Technologies LTD,booster@worksuite.co,CN,236,USD
25-Nov-21,Job Done,Worksuite Technologies LTD,booster@worksuite.co,ID,553,USD
24-Dec-21,Job Done,Worksuite Technologies LTD,booster@worksuite.co,PE,457,USD
26-Oct-21,Job Done,Worksuite Technologies LTD,booster@worksuite.co,UA,631,USD
15-Nov-21,Job Done,Worksuite Technologies LTD,booster@worksuite.co,PH,302,USD
15-Oct-21,Job Done,Worksuite Technologies LTD,booster@worksuite.co,CN,256,USD
17-Jan-22,Job Done,Worksuite Technologies LTD,booster@worksuite.co,TH,211,USD
01-Jan-22,Job Done,Worksuite Technologies LTD,booster@worksuite.co,FR,326,USD
11-Nov-21,Job Done,Worksuite Technologies LTD,booster@worksuite.co,AM,373,USD
26-Jan-22,Job Done,Worksuite Technologies LTD,booster@worksuite.co,KZ,410,USD
21-Nov-21,Job Done,Worksuite Technologies LTD,booster@worksuite.co,AR,287,USD
25-Jan-22,Job Done,Worksuite Technologies LTD,booster@worksuite.co,OM,314,USD
14-Nov-21,Job Done,Worksuite Technologies LTD,booster@worksuite.co,BR,557,USD
09-Nov-21,Job Done,Worksuite Technologies LTD,booster@worksuite.co,ID,750,USD
17-Dec-21,Job Done,Worksuite Technologies LTD,booster@worksuite.co,RU,127,USD
12-Oct-21,Job Done,Worksuite Technologies LTD,booster@worksuite.co,PH,434,USD
10-Oct-21,Job Done,Worksuite Technologies LTD,booster@worksuite.co,OM,281,USD
01-Nov-21,Job Done,Worksuite Technologies LTD,booster@worksuite.co,PH,398,USD
06-Jan-22,Job Done,Worksuite Technologies LTD,booster@worksuite.co,CN,372,USD
01-Oct-21,Job Done,Worksuite Technologies LTD,booster@worksuite.co,ID,555,USD
30-Sep-21,Job Done,Worksuite Technologies LTD,booster@worksuite.co,PT,246,USD
23-Jan-22,Job Done,Worksuite Technologies LTD,booster@worksuite.co,GR,532,USD
10-Dec-21,Job Done,Worksuite Technologies LTD,booster@worksuite.co,ID,188,USD
24-Nov-21,Job Done,Worksuite Technologies LTD,booster@worksuite.co,MA,432,USD
02-Nov-21,Job Done,Worksuite Technologies LTD,booster@worksuite.co,CN,928,USD
03-Jan-22,Job Done,Worksuite Technologies LTD,booster@worksuite.co,PH,653,USD
13-Nov-21,Job Done,Worksuite Technologies LTD,booster@worksuite.co,US,397,USD
31-Oct-21,Job Done,Worksuite Technologies LTD,booster@worksuite.co,JP,281,USD
04-Dec-21,Job Done,Worksuite Technologies LTD,booster@worksuite.co,GR,648,USD
08-Dec-21,Job Done,Worksuite Technologies LTD,booster@worksuite.co,PE,456,USD
20-Oct-21,Job Done,Worksuite Technologies LTD,booster@worksuite.co,AF,600,USD
02-Jan-22,Job Done,Worksuite Technologies LTD,booster@worksuite.co,BY,148,USD
05-Oct-21,Job Done,Worksuite Technologies LTD,booster@worksuite.co,JP,802,USD
24-Oct-21,Job Done,Worksuite Technologies LTD,booster@worksuite.co,VN,851,USD
22-Dec-21,Job Done,Worksuite Technologies LTD,booster@worksuite.co,ID,440,USD
27-Sep-21,Job Done,Worksuite Technologies LTD,booster@worksuite.co,CN,375,USD
10-Nov-21,Job Done,Worksuite Technologies LTD,booster@worksuite.co,CN,548,USD
19-Dec-21,Job Done,Worksuite Technologies LTD,booster@worksuite.co,RU,752,USD
25-Jan-22,Job Done,Worksuite Technologies LTD,booster@worksuite.co,CA,572,USD
17-Oct-21,Job Done,Worksuite Technologies LTD,booster@worksuite.co,CN,903,USD
11-Oct-21,Job Done,Worksuite Technologies LTD,booster@worksuite.co,EC,648,USD
14-Jan-22,Job Done,Worksuite Technologies LTD,booster@worksuite.co,ID,173,USD
01-Jan-22,Job Done,Worksuite Technologies LTD,booster@worksuite.co,PT,861,USD
12-Dec-21,Job Done,Worksuite Technologies LTD,booster@worksuite.co,RU,628,USD
18-Oct-21,Job Done,Worksuite Technologies LTD,booster@worksuite.co,CN,308,USD
05-Jan-22,Job Done,Worksuite Technologies LTD,booster@worksuite.co,MN,968,USD
06-Dec-21,Job Done,Worksuite Technologies LTD,booster@worksuite.co,ID,130,USD
21-Dec-21,Job Done,Worksuite Technologies LTD,booster@worksuite.co,UG,866,USD
27-Dec-21,Job Done,Worksuite Technologies LTD,yoster@worksuite.co,CZ,455,USD
28-Oct-21,Job Done,Worksuite Technologies LTD,yoster@worksuite.co,ES,980,USD
25-Jan-22,Job Done,Worksuite Technologies LTD,yoster@worksuite.co,PA,668,USD
26-Jan-22,Job Done,Worksuite Technologies LTD,yoster@worksuite.co,CN,995,USD
03-Oct-21,Job Done,Worksuite Technologies LTD,yoster@worksuite.co,PH,478,USD
08-Nov-21,Job Done,Worksuite Technologies LTD,yoster@worksuite.co,PT,796,USD
27-Nov-21,Job Done,Worksuite Technologies LTD,yoster@worksuite.co,UZ,150,USD
14-Oct-21,Job Done,Worksuite Technologies LTD,yoster@worksuite.co,US,268,USD
21-Nov-21,Job Done,Worksuite Technologies LTD,yoster@worksuite.co,PH,950,USD
17-Jan-22,Job Done,Worksuite Technologies LTD,yoster@worksuite.co,CN,730,USD
28-Oct-21,Job Done,Worksuite Technologies LTD,yoster@worksuite.co,GR,840,USD
27-Dec-21,Job Done,Worksuite Technologies LTD,yoster@worksuite.co,FR,572,USD
16-Dec-21,Job Done,Worksuite Technologies LTD,yoster@worksuite.co,PT,604,USD
16-Jan-22,Job Done,Worksuite Technologies LTD,yoster@worksuite.co,AL,767,USD
02-Nov-21,Job Done,Worksuite Technologies LTD,yoster@worksuite.co,ID,714,USD
09-Dec-21,Job Done,Worksuite Technologies LTD,yoster@worksuite.co,CN,100,USD
27-Sep-21,Job Done,Worksuite Technologies LTD,yoster@worksuite.co,CN,991,USD
23-Nov-21,Job Done,Worksuite Technologies LTD,yoster@worksuite.co,ID,189,USD
03-Nov-21,Job Done,Worksuite Technologies LTD,yoster@worksuite.co,TJ,420,USD
09-Dec-21,Job Done,Worksuite Technologies LTD,yoster@worksuite.co,ZM,459,USD
15-Nov-21,Job Done,Worksuite Technologies LTD,yoster@worksuite.co,EC,167,USD
20-Jan-22,Job Done,Worksuite Technologies LTD,yoster@worksuite.co,PT,345,USD
19-Dec-21,Job Done,Worksuite Technologies LTD,yoster@worksuite.co,BR,481,USD
16-Nov-21,Job Done,Worksuite Technologies LTD,yoster@worksuite.co,CO,590,USD
13-Dec-21,Job Done,Worksuite Technologies LTD,yoster@worksuite.co,ID,695,USD
18-Oct-21,Job Done,Worksuite Technologies LTD,yoster@worksuite.co,IR,331,USD
21-Nov-21,Job Done,Worksuite Technologies LTD,yoster@worksuite.co,PL,925,USD
31-Oct-21,Job Done,Worksuite Technologies LTD,yoster@worksuite.co,CN,940,USD
11-Nov-21,Job Done,Worksuite Technologies LTD,yoster@worksuite.co,PL,271,USD
24-Jan-22,Job Done,Worksuite Technologies LTD,yoster@worksuite.co,CN,658,USD
19-Dec-21,Job Done,Worksuite Technologies LTD,yoster@worksuite.co,CA,417,USD
22-Nov-21,Job Done,Worksuite Technologies LTD,yoster@worksuite.co,CM,674,USD
09-Nov-21,Job Done,Worksuite Technologies LTD,yoster@worksuite.co,FI,741,USD
08-Jan-22,Job Done,Worksuite Technologies LTD,yoster@worksuite.co,SE,857,USD
22-Jan-22,Job Done,Worksuite Technologies LTD,yoster@worksuite.co,CN,434,USD
19-Oct-21,Job Done,Worksuite Technologies LTD,yoster@worksuite.co,PH,926,USD
26-Nov-21,Job Done,Worksuite Technologies LTD,yoster@worksuite.co,TH,879,USD
09-Nov-21,Job Done,Worksuite Technologies LTD,yoster@worksuite.co,CN,908,USD
07-Oct-21,Job Done,Worksuite Technologies LTD,yoster@worksuite.co,PS,111,USD
01-Nov-21,Job Done,Worksuite Technologies LTD,yoster@worksuite.co,PH,550,USD
31-Oct-21,Job Done,Worksuite Technologies LTD,yoster@worksuite.co,CN,982,USD
07-Oct-21,Job Done,Worksuite Technologies LTD,yoster@worksuite.co,RU,370,USD
20-Jan-22,Job Done,Worksuite Technologies LTD,yoster@worksuite.co,ID,242,USD
28-Dec-21,Job Done,Worksuite Technologies LTD,yoster@worksuite.co,RU,667,USD
11-Nov-21,Job Done,Worksuite Technologies LTD,yoster@worksuite.co,LK,713,USD
17-Oct-21,Job Done,Worksuite Technologies LTD,yoster@worksuite.co,ID,530,USD
13-Oct-21,Job Done,Worksuite Technologies LTD,yoster@worksuite.co,ID,859,USD
08-Dec-21,Job Done,Worksuite Technologies LTD,yoster@worksuite.co,ID,775,USD
12-Jan-22,Job Done,Worksuite Technologies LTD,yoster@worksuite.co,PL,146,USD
03-Dec-21,Job Done,Worksuite Technologies LTD,yoster@worksuite.co,TH,214,USD
23-Dec-21,Job Done,Worksuite Technologies LTD,yoster@worksuite.co,CO,944,USD
16-Oct-21,Job Done,Worksuite Technologies LTD,hoster@worksuite.co,HN,287,USD
19-Oct-21,Job Done,Worksuite Technologies LTD,hoster@worksuite.co,BR,150,USD
22-Oct-21,Job Done,Worksuite Technologies LTD,hoster@worksuite.co,MA,769,USD
20-Jan-22,Job Done,Worksuite Technologies LTD,hoster@worksuite.co,MQ,505,USD
13-Jan-22,Job Done,Worksuite Technologies LTD,hoster@worksuite.co,BS,410,USD
26-Dec-21,Job Done,Worksuite Technologies LTD,hoster@worksuite.co,AR,733,USD
27-Sep-21,Job Done,Worksuite Technologies LTD,hoster@worksuite.co,MX,228,USD
24-Jan-22,Job Done,Worksuite Technologies LTD,hoster@worksuite.co,FR,735,USD
14-Jan-22,Job Done,Worksuite Technologies LTD,hoster@worksuite.co,BR,612,USD
07-Jan-22,Job Done,Worksuite Technologies LTD,hoster@worksuite.co,CN,131,USD
16-Nov-21,Job Done,Worksuite Technologies LTD,hoster@worksuite.co,PL,1000,USD
03-Dec-21,Job Done,Worksuite Technologies LTD,hoster@worksuite.co,ID,397,USD
12-Nov-21,Job Done,Worksuite Technologies LTD,hoster@worksuite.co,CD,202,USD
10-Oct-21,Job Done,Worksuite Technologies LTD,hoster@worksuite.co,RU,158,USD
02-Oct-21,Job Done,Worksuite Technologies LTD,hoster@worksuite.co,PH,819,USD
14-Nov-21,Job Done,Worksuite Technologies LTD,hoster@worksuite.co,TH,682,USD
23-Dec-21,Job Done,Worksuite Technologies LTD,hoster@worksuite.co,ID,414,USD
13-Jan-22,Job Done,Worksuite Technologies LTD,hoster@worksuite.co,SE,448,USD
10-Nov-21,Job Done,Worksuite Technologies LTD,hoster@worksuite.co,CN,915,USD
07-Oct-21,Job Done,Worksuite Technologies LTD,hoster@worksuite.co,PE,834,USD
02-Nov-21,Job Done,Worksuite Technologies LTD,hoster@worksuite.co,PH,886,USD
17-Dec-21,Job Done,Worksuite Technologies LTD,hoster@worksuite.co,PT,489,USD
28-Sep-21,Job Done,Worksuite Technologies LTD,hoster@worksuite.co,TH,549,USD
20-Jan-22,Job Done,Worksuite Technologies LTD,hoster@worksuite.co,PH,269,USD
25-Oct-21,Job Done,Worksuite Technologies LTD,hoster@worksuite.co,TH,293,USD
30-Oct-21,Job Done,Worksuite Technologies LTD,hoster@worksuite.co,RU,755,USD
10-Oct-21,Job Done,Worksuite Technologies LTD,hoster@worksuite.co,CF,649,USD
07-Nov-21,Job Done,Worksuite Technologies LTD,hoster@worksuite.co,RS,404,USD
26-Dec-21,Job Done,Worksuite Technologies LTD,hoster@worksuite.co,ID,628,USD
19-Dec-21,Job Done,Worksuite Technologies LTD,hoster@worksuite.co,FR,816,USD
20-Jan-22,Job Done,Worksuite Technologies LTD,hoster@worksuite.co,FR,635,USD
09-Oct-21,Job Done,Worksuite Technologies LTD,hoster@worksuite.co,CN,878,USD
31-Dec-21,Job Done,Worksuite Technologies LTD,hoster@worksuite.co,MM,434,USD
10-Oct-21,Job Done,Worksuite Technologies LTD,hoster@worksuite.co,ID,984,USD
23-Jan-22,Job Done,Worksuite Technologies LTD,hoster@worksuite.co,CZ,128,USD
14-Jan-22,Job Done,Worksuite Technologies LTD,hoster@worksuite.co,CN,285,USD
09-Dec-21,Job Done,Worksuite Technologies LTD,hoster@worksuite.co,MW,484,USD
27-Nov-21,Job Done,Worksuite Technologies LTD,hoster@worksuite.co,KR,463,USD
27-Nov-21,Job Done,Worksuite Technologies LTD,hoster@worksuite.co,FI,193,USD
16-Oct-21,Job Done,Worksuite Technologies LTD,hoster@worksuite.co,AR,493,USD
21-Jan-22,Job Done,Worksuite Technologies LTD,hoster@worksuite.co,ID,933,USD
19-Jan-22,Job Done,Worksuite Technologies LTD,hoster@worksuite.co,GU,1000,USD
14-Nov-21,Job Done,Worksuite Technologies LTD,hoster@worksuite.co,NO,832,USD
03-Dec-21,Job Done,Worksuite Technologies LTD,hoster@worksuite.co,UA,849,USD
30-Dec-21,Job Done,Worksuite Technologies LTD,hoster@worksuite.co,CO,845,USD
07-Jan-22,Job Done,Worksuite Technologies LTD,hoster@worksuite.co,KM,161,USD
27-Sep-21,Job Done,Worksuite Technologies LTD,hoster@worksuite.co,NO,578,USD
01-Nov-21,Job Done,Worksuite Technologies LTD,hoster@worksuite.co,BR,737,USD
21-Dec-21,Job Done,Worksuite Technologies LTD,hoster@worksuite.co,CO,375,USD
09-Jan-22,Job Done,Worksuite Technologies LTD,hoster@worksuite.co,CN,280,USD
29-Sep-21,Job Done,Worksuite Technologies LTD,aster@worksuite.co,UA,809,USD
12-Nov-21,Job Done,Worksuite Technologies LTD,aster@worksuite.co,CO,757,USD
15-Nov-21,Job Done,Worksuite Technologies LTD,aster@worksuite.co,CN,919,USD
15-Jan-22,Job Done,Worksuite Technologies LTD,aster@worksuite.co,AL,562,USD
11-Dec-21,Job Done,Worksuite Technologies LTD,aster@worksuite.co,CF,836,USD
28-Dec-21,Job Done,Worksuite Technologies LTD,aster@worksuite.co,PH,906,USD
21-Oct-21,Job Done,Worksuite Technologies LTD,aster@worksuite.co,CN,872,USD
24-Nov-21,Job Done,Worksuite Technologies LTD,aster@worksuite.co,YE,724,USD
22-Jan-22,Job Done,Worksuite Technologies LTD,aster@worksuite.co,RU,743,USD
15-Nov-21,Job Done,Worksuite Technologies LTD,aster@worksuite.co,CZ,677,USD
26-Nov-21,Job Done,Worksuite Technologies LTD,aster@worksuite.co,JP,363,USD
27-Oct-21,Job Done,Worksuite Technologies LTD,aster@worksuite.co,PT,710,USD
01-Dec-21,Job Done,Worksuite Technologies LTD,aster@worksuite.co,CO,124,USD
08-Dec-21,Job Done,Worksuite Technologies LTD,aster@worksuite.co,WS,723,USD
06-Nov-21,Job Done,Worksuite Technologies LTD,aster@worksuite.co,SY,463,USD
17-Oct-21,Job Done,Worksuite Technologies LTD,aster@worksuite.co,CO,205,USD
02-Nov-21,Job Done,Worksuite Technologies LTD,aster@worksuite.co,AF,691,USD
06-Oct-21,Job Done,Worksuite Technologies LTD,aster@worksuite.co,BY,118,USD
14-Jan-22,Job Done,Worksuite Technologies LTD,aster@worksuite.co,IE,834,USD
19-Dec-21,Job Done,Worksuite Technologies LTD,aster@worksuite.co,RU,487,USD
14-Oct-21,Job Done,Worksuite Technologies LTD,aster@worksuite.co,ID,275,USD
13-Oct-21,Job Done,Worksuite Technologies LTD,aster@worksuite.co,CN,754,USD
08-Jan-22,Job Done,Worksuite Technologies LTD,aster@worksuite.co,AR,905,USD
13-Jan-22,Job Done,Worksuite Technologies LTD,aster@worksuite.co,CN,610,USD
02-Oct-21,Job Done,Worksuite Technologies LTD,aster@worksuite.co,RU,586,USD
07-Oct-21,Job Done,Worksuite Technologies LTD,aster@worksuite.co,CN,411,USD
22-Jan-22,Job Done,Worksuite Technologies LTD,aster@worksuite.co,IR,680,USD
29-Sep-21,Job Done,Worksuite Technologies LTD,aster@worksuite.co,SD,586,USD
03-Jan-22,Job Done,Worksuite Technologies LTD,aster@worksuite.co,RU,627,USD
06-Dec-21,Job Done,Worksuite Technologies LTD,aster@worksuite.co,RU,728,USD
13-Jan-22,Job Done,Worksuite Technologies LTD,aster@worksuite.co,CN,938,USD
30-Nov-21,Job Done,Worksuite Technologies LTD,aster@worksuite.co,GQ,954,USD
14-Dec-21,Job Done,Worksuite Technologies LTD,aster@worksuite.co,AR,253,USD
22-Nov-21,Job Done,Worksuite Technologies LTD,aster@worksuite.co,SE,326,USD
28-Sep-21,Job Done,Worksuite Technologies LTD,aster@worksuite.co,CN,931,USD
29-Dec-21,Job Done,Worksuite Technologies LTD,aster@worksuite.co,CN,396,USD
13-Nov-21,Job Done,Worksuite Technologies LTD,aster@worksuite.co,PT,714,USD
18-Nov-21,Job Done,Worksuite Technologies LTD,aster@worksuite.co,SD,898,USD
16-Oct-21,Job Done,Worksuite Technologies LTD,aster@worksuite.co,VN,568,USD
09-Oct-21,Job Done,Worksuite Technologies LTD,aster@worksuite.co,CN,409,USD
26-Jan-22,Job Done,Worksuite Technologies LTD,aster@worksuite.co,BG,501,USD
30-Oct-21,Job Done,Worksuite Technologies LTD,aster@worksuite.co,TH,116,USD
29-Oct-21,Job Done,Worksuite Technologies LTD,aster@worksuite.co,BA,544,USD
27-Oct-21,Job Done,Worksuite Technologies LTD,aster@worksuite.co,PS,322,USD
13-Oct-21,Job Done,Worksuite Technologies LTD,aster@worksuite.co,RS,572,USD
13-Dec-21,Job Done,Worksuite Technologies LTD,aster@worksuite.co,CN,162,USD
23-Nov-21,Job Done,Worksuite Technologies LTD,aster@worksuite.co,PE,226,USD
27-Nov-21,Job Done,Worksuite Technologies LTD,aster@worksuite.co,TH,844,USD
23-Nov-21,Job Done,Worksuite Technologies LTD,aster@worksuite.co,RU,710,USD
10-Jan-22,Job Done,Worksuite Technologies LTD,aster@worksuite.co,BR,827,USD
30-Dec-21,Job Done,Worksuite Technologies LTD,roster@worksuite.co,UA,506,USD
05-Jan-22,Job Done,Worksuite Technologies LTD,roster@worksuite.co,KP,263,USD
17-Jan-22,Job Done,Worksuite Technologies LTD,roster@worksuite.co,CN,402,USD
20-Nov-21,Job Done,Worksuite Technologies LTD,roster@worksuite.co,CN,991,USD
03-Oct-21,Job Done,Worksuite Technologies LTD,roster@worksuite.co,CN,170,USD
24-Nov-21,Job Done,Worksuite Technologies LTD,roster@worksuite.co,CN,616,USD
25-Dec-21,Job Done,Worksuite Technologies LTD,roster@worksuite.co,ID,270,USD
01-Oct-21,Job Done,Worksuite Technologies LTD,roster@worksuite.co,CN,704,USD
10-Nov-21,Job Done,Worksuite Technologies LTD,roster@worksuite.co,HR,413,USD
05-Jan-22,Job Done,Worksuite Technologies LTD,roster@worksuite.co,PE,845,USD
03-Nov-21,Job Done,Worksuite Technologies LTD,roster@worksuite.co,RU,103,USD
14-Jan-22,Job Done,Worksuite Technologies LTD,roster@worksuite.co,ID,894,USD
25-Dec-21,Job Done,Worksuite Technologies LTD,roster@worksuite.co,UA,313,USD
26-Oct-21,Job Done,Worksuite Technologies LTD,roster@worksuite.co,US,433,USD
19-Jan-22,Job Done,Worksuite Technologies LTD,roster@worksuite.co,ID,751,USD
05-Nov-21,Job Done,Worksuite Technologies LTD,roster@worksuite.co,MM,911,USD
28-Nov-21,Job Done,Worksuite Technologies LTD,roster@worksuite.co,JP,375,USD
01-Jan-22,Job Done,Worksuite Technologies LTD,roster@worksuite.co,ID,359,USD
02-Jan-22,Job Done,Worksuite Technologies LTD,roster@worksuite.co,CN,628,USD
12-Nov-21,Job Done,Worksuite Technologies LTD,roster@worksuite.co,CN,762,USD
23-Nov-21,Job Done,Worksuite Technologies LTD,roster@worksuite.co,CN,798,USD
09-Dec-21,Job Done,Worksuite Technologies LTD,roster@worksuite.co,FR,519,USD
02-Dec-21,Job Done,Worksuite Technologies LTD,roster@worksuite.co,AZ,855,USD
08-Jan-22,Job Done,Worksuite Technologies LTD,roster@worksuite.co,RS,138,USD
07-Nov-21,Job Done,Worksuite Technologies LTD,roster@worksuite.co,JP,620,USD
30-Oct-21,Job Done,Worksuite Technologies LTD,roster@worksuite.co,CN,876,USD
16-Oct-21,Job Done,Worksuite Technologies LTD,roster@worksuite.co,NG,971,USD
15-Jan-22,Job Done,Worksuite Technologies LTD,roster@worksuite.co,CN,470,USD
25-Jan-22,Job Done,Worksuite Technologies LTD,roster@worksuite.co,PH,990,USD
19-Oct-21,Job Done,Worksuite Technologies LTD,roster@worksuite.co,CO,121,USD
15-Oct-21,Job Done,Worksuite Technologies LTD,roster@worksuite.co,PT,167,USD
30-Sep-21,Job Done,Worksuite Technologies LTD,roster@worksuite.co,US,605,USD
06-Oct-21,Job Done,Worksuite Technologies LTD,roster@worksuite.co,PT,439,USD
28-Sep-21,Job Done,Worksuite Technologies LTD,roster@worksuite.co,TJ,228,USD
18-Jan-22,Job Done,Worksuite Technologies LTD,roster@worksuite.co,CZ,131,USD
13-Oct-21,Job Done,Worksuite Technologies LTD,roster@worksuite.co,CN,690,USD
12-Nov-21,Job Done,Worksuite Technologies LTD,roster@worksuite.co,CN,239,USD
30-Sep-21,Job Done,Worksuite Technologies LTD,roster@worksuite.co,SE,167,USD
25-Nov-21,Job Done,Worksuite Technologies LTD,roster@worksuite.co,CN,277,USD
22-Dec-21,Job Done,Worksuite Technologies LTD,roster@worksuite.co,PL,799,USD
03-Jan-22,Job Done,Worksuite Technologies LTD,roster@worksuite.co,PH,165,USD
15-Dec-21,Job Done,Worksuite Technologies LTD,roster@worksuite.co,ME,531,USD
24-Jan-22,Job Done,Worksuite Technologies LTD,roster@worksuite.co,CN,746,USD
11-Nov-21,Job Done,Worksuite Technologies LTD,roster@worksuite.co,CZ,403,USD
14-Nov-21,Job Done,Worksuite Technologies LTD,roster@worksuite.co,AR,903,USD
29-Oct-21,Job Done,Worksuite Technologies LTD,roster@worksuite.co,RU,244,USD
01-Nov-21,Job Done,Worksuite Technologies LTD,roster@worksuite.co,ID,100,USD
21-Jan-22,Job Done,Worksuite Technologies LTD,roster@worksuite.co,PE,117,USD
22-Nov-21,Job Done,Worksuite Technologies LTD,roster@worksuite.co,CN,152,USD
04-Oct-21,Job Done,Worksuite Technologies LTD,roster@worksuite.co,IR,144,USD
06-Nov-21,Job Done,Worksuite Technologies LTD,roster@worksuite.co,NO,496,USD
18-Dec-21,Job Done,Worksuite Technologies LTD,roster@worksuite.co,CN,227,USD
31-Oct-21,Job Done,Worksuite Technologies LTD,roster@worksuite.co,CN,678,USD
09-Oct-21,Job Done,Worksuite Technologies LTD,roster@worksuite.co,FR,834,USD
11-Dec-21,Job Done,Worksuite Technologies LTD,roster@worksuite.co,KZ,458,USD
15-Jan-22,Job Done,Worksuite Technologies LTD,roster@worksuite.co,FR,697,USD
30-Nov-21,Job Done,Worksuite Technologies LTD,roster@worksuite.co,PH,642,USD
29-Nov-21,Job Done,Worksuite Technologies LTD,roster@worksuite.co,BR,672,USD
17-Oct-21,Job Done,Worksuite Technologies LTD,roster@worksuite.co,ID,983,USD
29-Nov-21,Job Done,Worksuite Technologies LTD,roster@worksuite.co,PE,323,USD
15-Oct-21,Job Done,Worksuite Technologies LTD,roster@worksuite.co,CN,732,USD
29-Sep-21,Job Done,Worksuite Technologies LTD,roster@worksuite.co,CN,953,USD
25-Jan-22,Job Done,Worksuite Technologies LTD,roster@worksuite.co,HT,758,USD
27-Sep-21,Job Done,Worksuite Technologies LTD,roster@worksuite.co,ID,784,USD
01-Oct-21,Job Done,Worksuite Technologies LTD,roster@worksuite.co,MX,170,USD
25-Oct-21,Job Done,Worksuite Technologies LTD,roster@worksuite.co,CN,970,USD
05-Oct-21,Job Done,Worksuite Technologies LTD,roster@worksuite.co,ID,936,USD
23-Oct-21,Job Done,Worksuite Technologies LTD,roster@worksuite.co,NO,433,USD
15-Dec-21,Job Done,Worksuite Technologies LTD,roster@worksuite.co,CN,481,USD
25-Oct-21,Job Done,Worksuite Technologies LTD,roster@worksuite.co,CO,576,USD
31-Dec-21,Job Done,Worksuite Technologies LTD,dister@worksuite.co,MG,787,USD
21-Jan-22,Job Done,Worksuite Technologies LTD,dister@worksuite.co,MY,598,USD
17-Oct-21,Job Done,Worksuite Technologies LTD,dister@worksuite.co,ID,614,USD
17-Jan-22,Job Done,Worksuite Technologies LTD,dister@worksuite.co,VN,680,USD
27-Sep-21,Job Done,Worksuite Technologies LTD,dister@worksuite.co,PS,455,USD
17-Nov-21,Job Done,Worksuite Technologies LTD,dister@worksuite.co,SS,194,USD
17-Oct-21,Job Done,Worksuite Technologies LTD,dister@worksuite.co,PA,161,USD
14-Jan-22,Job Done,Worksuite Technologies LTD,dister@worksuite.co,CN,875,USD
19-Nov-21,Job Done,Worksuite Technologies LTD,dister@worksuite.co,NG,265,USD
11-Jan-22,Job Done,Worksuite Technologies LTD,dister@worksuite.co,JO,206,USD
22-Oct-21,Job Done,Worksuite Technologies LTD,dister@worksuite.co,CN,888,USD
28-Sep-21,Job Done,Worksuite Technologies LTD,dister@worksuite.co,ID,102,USD
01-Jan-22,Job Done,Worksuite Technologies LTD,dister@worksuite.co,SE,819,USD
02-Nov-21,Job Done,Worksuite Technologies LTD,dister@worksuite.co,ID,708,USD
18-Nov-21,Job Done,Worksuite Technologies LTD,dister@worksuite.co,BR,368,USD
17-Nov-21,Job Done,Worksuite Technologies LTD,dister@worksuite.co,RU,296,USD
04-Oct-21,Job Done,Worksuite Technologies LTD,dister@worksuite.co,GR,643,USD
22-Jan-22,Job Done,Worksuite Technologies LTD,dister@worksuite.co,RS,462,USD
21-Dec-21,Job Done,Worksuite Technologies LTD,dister@worksuite.co,CD,825,USD
08-Jan-22,Job Done,Worksuite Technologies LTD,dister@worksuite.co,US,802,USD
17-Oct-21,Job Done,Worksuite Technologies LTD,dister@worksuite.co,CR,137,USD
28-Oct-21,Job Done,Worksuite Technologies LTD,dister@worksuite.co,NC,194,USD
02-Oct-21,Job Done,Worksuite Technologies LTD,dister@worksuite.co,IQ,497,USD
26-Nov-21,Job Done,Worksuite Technologies LTD,dister@worksuite.co,YE,460,USD
14-Dec-21,Job Done,Worksuite Technologies LTD,dister@worksuite.co,NO,655,USD
06-Dec-21,Job Done,Worksuite Technologies LTD,dister@worksuite.co,MN,787,USD
16-Nov-21,Job Done,Worksuite Technologies LTD,dister@worksuite.co,ID,912,USD
24-Jan-22,Job Done,Worksuite Technologies LTD,dister@worksuite.co,FR,738,USD
01-Jan-22,Job Done,Worksuite Technologies LTD,dister@worksuite.co,RU,927,USD
24-Dec-21,Job Done,Worksuite Technologies LTD,dister@worksuite.co,CO,315,USD
08-Nov-21,Job Done,Worksuite Technologies LTD,dister@worksuite.co,PH,197,USD
13-Oct-21,Job Done,Worksuite Technologies LTD,dister@worksuite.co,IR,513,USD
29-Dec-21,Job Done,Worksuite Technologies LTD,dister@worksuite.co,RS,323,USD
26-Jan-22,Job Done,Worksuite Technologies LTD,dister@worksuite.co,CN,498,USD
29-Dec-21,Job Done,Worksuite Technologies LTD,dister@worksuite.co,FR,919,USD
26-Dec-21,Job Done,Worksuite Technologies LTD,dister@worksuite.co,NG,199,USD
30-Oct-21,Job Done,Worksuite Technologies LTD,dister@worksuite.co,CN,347,USD
17-Jan-22,Job Done,Worksuite Technologies LTD,dister@worksuite.co,RU,498,USD
26-Nov-21,Job Done,Worksuite Technologies LTD,dister@worksuite.co,JP,508,USD
16-Oct-21,Job Done,Worksuite Technologies LTD,dister@worksuite.co,ID,240,USD
02-Nov-21,Job Done,Worksuite Technologies LTD,dister@worksuite.co,CN,295,USD
21-Dec-21,Job Done,Worksuite Technologies LTD,dister@worksuite.co,UA,508,USD
05-Nov-21,Job Done,Worksuite Technologies LTD,dister@worksuite.co,ID,676,USD
28-Sep-21,Job Done,Worksuite Technologies LTD,dister@worksuite.co,JP,119,USD
03-Oct-21,Job Done,Worksuite Technologies LTD,dister@worksuite.co,HN,305,USD
21-Nov-21,Job Done,Worksuite Technologies LTD,dister@worksuite.co,TH,705,USD
30-Oct-21,Job Done,Worksuite Technologies LTD,dister@worksuite.co,UG,721,USD
29-Sep-21,Job Done,Worksuite Technologies LTD,dister@worksuite.co,CN,309,USD
27-Nov-21,Job Done,Worksuite Technologies LTD,dister@worksuite.co,CA,474,USD
05-Nov-21,Job Done,Worksuite Technologies LTD,dister@worksuite.co,ID,238,USD
19-Nov-21,Job Done,Worksuite Technologies LTD,postern@worksuite.co,CZ,208,USD
25-Dec-21,Job Done,Worksuite Technologies LTD,postern@worksuite.co,GR,693,USD
09-Dec-21,Job Done,Worksuite Technologies LTD,postern@worksuite.co,CN,488,USD
29-Oct-21,Job Done,Worksuite Technologies LTD,postern@worksuite.co,ZA,819,USD
05-Jan-22,Job Done,Worksuite Technologies LTD,postern@worksuite.co,PL,219,USD
08-Oct-21,Job Done,Worksuite Technologies LTD,postern@worksuite.co,KR,431,USD
18-Oct-21,Job Done,Worksuite Technologies LTD,postern@worksuite.co,ID,829,USD
15-Dec-21,Job Done,Worksuite Technologies LTD,postern@worksuite.co,RU,980,USD
19-Jan-22,Job Done,Worksuite Technologies LTD,postern@worksuite.co,DJ,475,USD
30-Nov-21,Job Done,Worksuite Technologies LTD,postern@worksuite.co,IE,348,USD
28-Dec-21,Job Done,Worksuite Technologies LTD,postern@worksuite.co,NG,377,USD
29-Dec-21,Job Done,Worksuite Technologies LTD,postern@worksuite.co,NO,948,USD
13-Dec-21,Job Done,Worksuite Technologies LTD,postern@worksuite.co,BR,313,USD
28-Dec-21,Job Done,Worksuite Technologies LTD,postern@worksuite.co,IR,989,USD
14-Nov-21,Job Done,Worksuite Technologies LTD,postern@worksuite.co,FR,190,USD
22-Oct-21,Job Done,Worksuite Technologies LTD,postern@worksuite.co,ID,795,USD
03-Jan-22,Job Done,Worksuite Technologies LTD,postern@worksuite.co,RU,814,USD
12-Dec-21,Job Done,Worksuite Technologies LTD,postern@worksuite.co,BB,101,USD
02-Dec-21,Job Done,Worksuite Technologies LTD,postern@worksuite.co,RU,287,USD
18-Nov-21,Job Done,Worksuite Technologies LTD,postern@worksuite.co,ID,803,USD
15-Dec-21,Job Done,Worksuite Technologies LTD,postern@worksuite.co,BR,532,USD
13-Jan-22,Job Done,Worksuite Technologies LTD,postern@worksuite.co,ID,108,USD
22-Dec-21,Job Done,Worksuite Technologies LTD,postern@worksuite.co,YE,810,USD
01-Nov-21,Job Done,Worksuite Technologies LTD,postern@worksuite.co,ES,921,USD
21-Dec-21,Job Done,Worksuite Technologies LTD,postern@worksuite.co,JO,254,USD
17-Jan-22,Job Done,Worksuite Technologies LTD,postern@worksuite.co,CR,570,USD
18-Oct-21,Job Done,Worksuite Technologies LTD,postern@worksuite.co,CN,100,USD
22-Dec-21,Job Done,Worksuite Technologies LTD,postern@worksuite.co,ID,793,USD
19-Oct-21,Job Done,Worksuite Technologies LTD,postern@worksuite.co,RU,122,USD
06-Oct-21,Job Done,Worksuite Technologies LTD,postern@worksuite.co,UA,325,USD
02-Oct-21,Job Done,Worksuite Technologies LTD,postern@worksuite.co,CN,528,USD
04-Oct-21,Job Done,Worksuite Technologies LTD,postern@worksuite.co,AR,933,USD
08-Jan-22,Job Done,Worksuite Technologies LTD,postern@worksuite.co,AL,904,USD
06-Jan-22,Job Done,Worksuite Technologies LTD,postern@worksuite.co,SE,293,USD
18-Oct-21,Job Done,Worksuite Technologies LTD,postern@worksuite.co,RU,699,USD
23-Nov-21,Job Done,Worksuite Technologies LTD,postern@worksuite.co,AM,195,USD
16-Oct-21,Job Done,Worksuite Technologies LTD,postern@worksuite.co,MX,941,USD
31-Oct-21,Job Done,Worksuite Technologies LTD,postern@worksuite.co,CO,750,USD
31-Oct-21,Job Done,Worksuite Technologies LTD,postern@worksuite.co,CN,557,USD
06-Dec-21,Job Done,Worksuite Technologies LTD,postern@worksuite.co,PL,600,USD
14-Dec-21,Job Done,Worksuite Technologies LTD,postern@worksuite.co,CN,168,USD
27-Dec-21,Job Done,Worksuite Technologies LTD,postern@worksuite.co,ID,584,USD
20-Dec-21,Job Done,Worksuite Technologies LTD,postern@worksuite.co,CN,769,USD
15-Jan-22,Job Done,Worksuite Technologies LTD,postern@worksuite.co,MT,250,USD
19-Oct-21,Job Done,Worksuite Technologies LTD,postern@worksuite.co,CN,411,USD
19-Jan-22,Job Done,Worksuite Technologies LTD,postern@worksuite.co,UA,370,USD
20-Nov-21,Job Done,Worksuite Technologies LTD,postern@worksuite.co,RU,788,USD
23-Nov-21,Job Done,Worksuite Technologies LTD,postern@worksuite.co,CN,953,USD
24-Oct-21,Job Done,Worksuite Technologies LTD,postern@worksuite.co,CL,435,USD
28-Sep-21,Job Done,Worksuite Technologies LTD,postern@worksuite.co,PL,506,USD
08-Jan-22,Job Done,Worksuite Technologies LTD,kyoster@worksuite.co,LK,838,USD
16-Jan-22,Job Done,Worksuite Technologies LTD,kyoster@worksuite.co,ID,489,USD
09-Jan-22,Job Done,Worksuite Technologies LTD,kyoster@worksuite.co,AZ,408,USD
01-Nov-21,Job Done,Worksuite Technologies LTD,kyoster@worksuite.co,GR,669,USD
21-Nov-21,Job Done,Worksuite Technologies LTD,kyoster@worksuite.co,ZA,825,USD
24-Dec-21,Job Done,Worksuite Technologies LTD,kyoster@worksuite.co,RU,929,USD
14-Dec-21,Job Done,Worksuite Technologies LTD,kyoster@worksuite.co,DO,734,USD
27-Nov-21,Job Done,Worksuite Technologies LTD,kyoster@worksuite.co,CZ,660,USD
12-Jan-22,Job Done,Worksuite Technologies LTD,kyoster@worksuite.co,LB,516,USD
26-Dec-21,Job Done,Worksuite Technologies LTD,kyoster@worksuite.co,UA,970,USD
30-Sep-21,Job Done,Worksuite Technologies LTD,kyoster@worksuite.co,TJ,320,USD
18-Nov-21,Job Done,Worksuite Technologies LTD,kyoster@worksuite.co,VN,662,USD
14-Nov-21,Job Done,Worksuite Technologies LTD,kyoster@worksuite.co,ID,126,USD
14-Nov-21,Job Done,Worksuite Technologies LTD,kyoster@worksuite.co,PH,536,USD
25-Dec-21,Job Done,Worksuite Technologies LTD,kyoster@worksuite.co,IE,546,USD
28-Dec-21,Job Done,Worksuite Technologies LTD,kyoster@worksuite.co,VE,125,USD
22-Jan-22,Job Done,Worksuite Technologies LTD,kyoster@worksuite.co,CN,411,USD
13-Oct-21,Job Done,Worksuite Technologies LTD,kyoster@worksuite.co,BR,271,USD
03-Jan-22,Job Done,Worksuite Technologies LTD,kyoster@worksuite.co,CN,417,USD
29-Sep-21,Job Done,Worksuite Technologies LTD,kyoster@worksuite.co,GR,276,USD
23-Nov-21,Job Done,Worksuite Technologies LTD,kyoster@worksuite.co,VN,782,USD
14-Dec-21,Job Done,Worksuite Technologies LTD,kyoster@worksuite.co,ID,756,USD
10-Dec-21,Job Done,Worksuite Technologies LTD,kyoster@worksuite.co,NL,896,USD
02-Jan-22,Job Done,Worksuite Technologies LTD,kyoster@worksuite.co,ID,411,USD
30-Nov-21,Job Done,Worksuite Technologies LTD,kyoster@worksuite.co,RU,974,USD
31-Oct-21,Job Done,Worksuite Technologies LTD,kyoster@worksuite.co,FR,578,USD
05-Dec-21,Job Done,Worksuite Technologies LTD,kyoster@worksuite.co,DO,600,USD
10-Oct-21,Job Done,Worksuite Technologies LTD,kyoster@worksuite.co,PE,701,USD
06-Nov-21,Job Done,Worksuite Technologies LTD,kyoster@worksuite.co,PL,380,USD
11-Nov-21,Job Done,Worksuite Technologies LTD,kyoster@worksuite.co,MC,161,USD
23-Oct-21,Job Done,Worksuite Technologies LTD,kyoster@worksuite.co,FR,579,USD
08-Dec-21,Job Done,Worksuite Technologies LTD,kyoster@worksuite.co,RS,104,USD
15-Oct-21,Job Done,Worksuite Technologies LTD,kyoster@worksuite.co,CN,998,USD
15-Nov-21,Job Done,Worksuite Technologies LTD,kyoster@worksuite.co,KP,587,USD
25-Oct-21,Job Done,Worksuite Technologies LTD,kyoster@worksuite.co,GR,442,USD
09-Oct-21,Job Done,Worksuite Technologies LTD,kyoster@worksuite.co,ID,834,USD
14-Oct-21,Job Done,Worksuite Technologies LTD,kyoster@worksuite.co,JP,881,USD
13-Oct-21,Job Done,Worksuite Technologies LTD,kyoster@worksuite.co,NE,299,USD
08-Oct-21,Job Done,Worksuite Technologies LTD,kyoster@worksuite.co,CN,554,USD
18-Oct-21,Job Done,Worksuite Technologies LTD,kyoster@worksuite.co,MM,172,USD
04-Nov-21,Job Done,Worksuite Technologies LTD,kyoster@worksuite.co,ID,294,USD
24-Oct-21,Job Done,Worksuite Technologies LTD,kyoster@worksuite.co,LY,601,USD
05-Nov-21,Job Done,Worksuite Technologies LTD,kyoster@worksuite.co,ID,575,USD
18-Jan-22,Job Done,Worksuite Technologies LTD,kyoster@worksuite.co,PH,179,USD
10-Dec-21,Job Done,Worksuite Technologies LTD,kyoster@worksuite.co,CZ,164,USD
14-Nov-21,Job Done,Worksuite Technologies LTD,kyoster@worksuite.co,CN,840,USD
05-Dec-21,Job Done,Worksuite Technologies LTD,kyoster@worksuite.co,PE,955,USD
12-Oct-21,Job Done,Worksuite Technologies LTD,kyoster@worksuite.co,PL,620,USD
24-Nov-21,Job Done,Worksuite Technologies LTD,kyoster@worksuite.co,FI,179,USD
16-Dec-21,Job Done,Worksuite Technologies LTD,kyoster@worksuite.co,PH,759,USD
25-Oct-21,Job Done,Worksuite Technologies LTD,taster@worksuite.co,PL,127,USD
14-Jan-22,Job Done,Worksuite Technologies LTD,taster@worksuite.co,PE,742,USD
15-Dec-21,Job Done,Worksuite Technologies LTD,taster@worksuite.co,KP,463,USD
26-Oct-21,Job Done,Worksuite Technologies LTD,taster@worksuite.co,MM,276,USD
08-Jan-22,Job Done,Worksuite Technologies LTD,taster@worksuite.co,PE,285,USD
15-Oct-21,Job Done,Worksuite Technologies LTD,taster@worksuite.co,KZ,135,USD
28-Nov-21,Job Done,Worksuite Technologies LTD,taster@worksuite.co,US,282,USD
18-Dec-21,Job Done,Worksuite Technologies LTD,taster@worksuite.co,RS,888,USD
09-Oct-21,Job Done,Worksuite Technologies LTD,taster@worksuite.co,CA,127,USD
02-Nov-21,Job Done,Worksuite Technologies LTD,taster@worksuite.co,DE,786,USD
21-Jan-22,Job Done,Worksuite Technologies LTD,taster@worksuite.co,HR,916,USD
28-Sep-21,Job Done,Worksuite Technologies LTD,taster@worksuite.co,ID,696,USD
26-Dec-21,Job Done,Worksuite Technologies LTD,taster@worksuite.co,SE,612,USD
11-Oct-21,Job Done,Worksuite Technologies LTD,taster@worksuite.co,GR,938,USD
27-Sep-21,Job Done,Worksuite Technologies LTD,taster@worksuite.co,HN,788,USD
08-Jan-22,Job Done,Worksuite Technologies LTD,taster@worksuite.co,GE,935,USD
21-Jan-22,Job Done,Worksuite Technologies LTD,taster@worksuite.co,GR,427,USD
27-Oct-21,Job Done,Worksuite Technologies LTD,taster@worksuite.co,CN,219,USD
24-Nov-21,Job Done,Worksuite Technologies LTD,taster@worksuite.co,CN,1000,USD
17-Oct-21,Job Done,Worksuite Technologies LTD,taster@worksuite.co,ID,581,USD
26-Nov-21,Job Done,Worksuite Technologies LTD,taster@worksuite.co,TH,944,USD
04-Nov-21,Job Done,Worksuite Technologies LTD,taster@worksuite.co,BR,437,USD
20-Oct-21,Job Done,Worksuite Technologies LTD,taster@worksuite.co,CN,937,USD
19-Nov-21,Job Done,Worksuite Technologies LTD,taster@worksuite.co,CN,846,USD
24-Oct-21,Job Done,Worksuite Technologies LTD,taster@worksuite.co,CN,423,USD
23-Nov-21,Job Done,Worksuite Technologies LTD,taster@worksuite.co,RS,219,USD
05-Jan-22,Job Done,Worksuite Technologies LTD,taster@worksuite.co,CN,621,USD
25-Nov-21,Job Done,Worksuite Technologies LTD,taster@worksuite.co,ID,200,USD
29-Nov-21,Job Done,Worksuite Technologies LTD,taster@worksuite.co,CN,787,USD
02-Nov-21,Job Done,Worksuite Technologies LTD,taster@worksuite.co,CN,279,USD
17-Dec-21,Job Done,Worksuite Technologies LTD,taster@worksuite.co,CA,250,USD
30-Sep-21,Job Done,Worksuite Technologies LTD,taster@worksuite.co,CN,465,USD
12-Nov-21,Job Done,Worksuite Technologies LTD,taster@worksuite.co,CN,820,USD
25-Jan-22,Job Done,Worksuite Technologies LTD,taster@worksuite.co,RU,163,USD
01-Jan-22,Job Done,Worksuite Technologies LTD,taster@worksuite.co,BR,963,USD
04-Oct-21,Job Done,Worksuite Technologies LTD,taster@worksuite.co,GT,886,USD
23-Nov-21,Job Done,Worksuite Technologies LTD,taster@worksuite.co,TH,796,USD
05-Oct-21,Job Done,Worksuite Technologies LTD,taster@worksuite.co,CN,309,USD
20-Oct-21,Job Done,Worksuite Technologies LTD,taster@worksuite.co,ID,678,USD
21-Oct-21,Job Done,Worksuite Technologies LTD,taster@worksuite.co,AR,690,USD
28-Dec-21,Job Done,Worksuite Technologies LTD,taster@worksuite.co,PL,775,USD
05-Oct-21,Job Done,Worksuite Technologies LTD,taster@worksuite.co,EC,297,USD
16-Oct-21,Job Done,Worksuite Technologies LTD,taster@worksuite.co,CN,887,USD
14-Dec-21,Job Done,Worksuite Technologies LTD,taster@worksuite.co,VN,961,USD
17-Nov-21,Job Done,Worksuite Technologies LTD,taster@worksuite.co,RU,177,USD
08-Dec-21,Job Done,Worksuite Technologies LTD,taster@worksuite.co,CO,748,USD
21-Oct-21,Job Done,Worksuite Technologies LTD,taster@worksuite.co,DO,963,USD
24-Oct-21,Job Done,Worksuite Technologies LTD,taster@worksuite.co,PH,474,USD
27-Oct-21,Job Done,Worksuite Technologies LTD,taster@worksuite.co,US,975,USD
17-Oct-21,Job Done,Worksuite Technologies LTD,taster@worksuite.co,CN,961,USD
31-Oct-21,Job Done,Worksuite Technologies LTD,mustero@smooper.xyz,CN,479,USD
30-Nov-21,Job Done,Worksuite Technologies LTD,mustero@smooper.xyz,UA,180,USD
14-Jan-22,Job Done,Worksuite Technologies LTD,mustero@smooper.xyz,NG,774,USD
14-Nov-21,Job Done,Worksuite Technologies LTD,mustero@smooper.xyz,AR,999,USD
09-Nov-21,Job Done,Worksuite Technologies LTD,mustero@smooper.xyz,ID,225,USD
07-Nov-21,Job Done,Worksuite Technologies LTD,mustero@smooper.xyz,AF,745,USD
28-Dec-21,Job Done,Worksuite Technologies LTD,mustero@smooper.xyz,CN,693,USD
31-Oct-21,Job Done,Worksuite Technologies LTD,mustero@smooper.xyz,CN,630,USD
09-Nov-21,Job Done,Worksuite Technologies LTD,mustero@smooper.xyz,PL,672,USD
08-Dec-21,Job Done,Worksuite Technologies LTD,mustero@smooper.xyz,PL,766,USD
05-Nov-21,Job Done,Worksuite Technologies LTD,mustero@smooper.xyz,PT,681,USD
02-Oct-21,Job Done,Worksuite Technologies LTD,mustero@smooper.xyz,CN,639,USD
15-Nov-21,Job Done,Worksuite Technologies LTD,mustero@smooper.xyz,BR,848,USD
15-Oct-21,Job Done,Worksuite Technologies LTD,mustero@smooper.xyz,CN,700,USD
23-Oct-21,Job Done,Worksuite Technologies LTD,mustero@smooper.xyz,AL,472,USD
28-Sep-21,Job Done,Worksuite Technologies LTD,mustero@smooper.xyz,CN,522,USD
26-Dec-21,Job Done,Worksuite Technologies LTD,mustero@smooper.xyz,CN,120,USD
12-Oct-21,Job Done,Worksuite Technologies LTD,mustero@smooper.xyz,CN,665,USD
28-Nov-21,Job Done,Worksuite Technologies LTD,mustero@smooper.xyz,HR,587,USD
30-Oct-21,Job Done,Worksuite Technologies LTD,mustero@smooper.xyz,TZ,881,USD
19-Nov-21,Job Done,Worksuite Technologies LTD,mustero@smooper.xyz,MG,979,USD
02-Oct-21,Job Done,Worksuite Technologies LTD,mustero@smooper.xyz,UA,188,USD
30-Nov-21,Job Done,Worksuite Technologies LTD,mustero@smooper.xyz,US,448,USD
22-Nov-21,Job Done,Worksuite Technologies LTD,mustero@smooper.xyz,BY,797,USD
07-Jan-22,Job Done,Worksuite Technologies LTD,mustero@smooper.xyz,GT,210,USD
26-Dec-21,Job Done,Worksuite Technologies LTD,mustero@smooper.xyz,JP,215,USD
31-Oct-21,Job Done,Worksuite Technologies LTD,mustero@smooper.xyz,UA,756,USD
27-Oct-21,Job Done,Worksuite Technologies LTD,mustero@smooper.xyz,FR,936,USD
18-Nov-21,Job Done,Worksuite Technologies LTD,mustero@smooper.xyz,CA,706,USD
12-Oct-21,Job Done,Worksuite Technologies LTD,mustero@smooper.xyz,RU,546,USD
27-Sep-21,Job Done,Worksuite Technologies LTD,mustero@smooper.xyz,DO,861,USD
30-Nov-21,Job Done,Worksuite Technologies LTD,mustero@smooper.xyz,CN,575,USD
28-Sep-21,Job Done,Worksuite Technologies LTD,mustero@smooper.xyz,RU,984,USD
22-Oct-21,Job Done,Worksuite Technologies LTD,mustero@smooper.xyz,PT,705,USD
06-Dec-21,Job Done,Worksuite Technologies LTD,mustero@smooper.xyz,PL,790,USD
13-Jan-22,Job Done,Worksuite Technologies LTD,mustero@smooper.xyz,CN,251,USD
30-Dec-21,Job Done,Worksuite Technologies LTD,mustero@smooper.xyz,FR,194,USD
22-Jan-22,Job Done,Worksuite Technologies LTD,mustero@smooper.xyz,IE,702,USD
20-Dec-21,Job Done,Worksuite Technologies LTD,mustero@smooper.xyz,CN,519,USD
28-Sep-21,Job Done,Worksuite Technologies LTD,mustero@smooper.xyz,ID,785,USD
19-Nov-21,Job Done,Worksuite Technologies LTD,mustero@smooper.xyz,AR,831,USD
14-Dec-21,Job Done,Worksuite Technologies LTD,mustero@smooper.xyz,PH,555,USD
06-Jan-22,Job Done,Worksuite Technologies LTD,mustero@smooper.xyz,ZA,967,USD
06-Jan-22,Job Done,Worksuite Technologies LTD,mustero@smooper.xyz,EE,965,USD
25-Jan-22,Job Done,Worksuite Technologies LTD,mustero@smooper.xyz,RU,791,USD
03-Nov-21,Job Done,Worksuite Technologies LTD,mustero@smooper.xyz,PL,968,USD
18-Nov-21,Job Done,Worksuite Technologies LTD,mustero@smooper.xyz,PH,110,USD
28-Sep-21,Job Done,Worksuite Technologies LTD,mustero@smooper.xyz,CZ,229,USD
14-Dec-21,Job Done,Worksuite Technologies LTD,mustero@smooper.xyz,ID,298,USD
22-Oct-21,Job Done,Worksuite Technologies LTD,mustero@smooper.xyz,MX,676,USD
26-Oct-21,Job Done,Worksuite Technologies LTD,desterrro@hotmail.com,CN,103,USD
24-Jan-22,Job Done,Worksuite Technologies LTD,desterrro@hotmail.com,CZ,953,USD
04-Jan-22,Job Done,Worksuite Technologies LTD,desterrro@hotmail.com,ID,354,USD
27-Nov-21,Job Done,Worksuite Technologies LTD,desterrro@hotmail.com,PL,119,USD
08-Oct-21,Job Done,Worksuite Technologies LTD,desterrro@hotmail.com,CN,339,USD
09-Jan-22,Job Done,Worksuite Technologies LTD,desterrro@hotmail.com,UA,703,USD
10-Oct-21,Job Done,Worksuite Technologies LTD,desterrro@hotmail.com,PL,635,USD
04-Nov-21,Job Done,Worksuite Technologies LTD,desterrro@hotmail.com,CZ,550,USD
08-Jan-22,Job Done,Worksuite Technologies LTD,desterrro@hotmail.com,EG,219,USD
10-Nov-21,Job Done,Worksuite Technologies LTD,desterrro@hotmail.com,US,864,USD
20-Nov-21,Job Done,Worksuite Technologies LTD,desterrro@hotmail.com,PL,158,USD
15-Dec-21,Job Done,Worksuite Technologies LTD,desterrro@hotmail.com,AR,318,USD
29-Nov-21,Job Done,Worksuite Technologies LTD,desterrro@hotmail.com,MN,329,USD
10-Oct-21,Job Done,Worksuite Technologies LTD,desterrro@hotmail.com,PH,802,USD
09-Nov-21,Job Done,Worksuite Technologies LTD,desterrro@hotmail.com,CO,482,USD
09-Dec-21,Job Done,Worksuite Technologies LTD,desterrro@hotmail.com,PH,246,USD
08-Nov-21,Job Done,Worksuite Technologies LTD,desterrro@hotmail.com,PL,100,USD
11-Nov-21,Job Done,Worksuite Technologies LTD,desterrro@hotmail.com,ID,506,USD
03-Nov-21,Job Done,Worksuite Technologies LTD,desterrro@hotmail.com,AL,246,USD
01-Nov-21,Job Done,Worksuite Technologies LTD,desterrro@hotmail.com,DO,290,USD
28-Sep-21,Job Done,Worksuite Technologies LTD,desterrro@hotmail.com,SY,568,USD
18-Oct-21,Job Done,Worksuite Technologies LTD,desterrro@hotmail.com,KP,721,USD
28-Sep-21,Job Done,Worksuite Technologies LTD,desterrro@hotmail.com,MA,834,USD
31-Dec-21,Job Done,Worksuite Technologies LTD,desterrro@hotmail.com,PL,950,USD
30-Dec-21,Job Done,Worksuite Technologies LTD,desterrro@hotmail.com,CN,403,USD
17-Dec-21,Job Done,Worksuite Technologies LTD,desterrro@hotmail.com,TH,322,USD
26-Nov-21,Job Done,Worksuite Technologies LTD,desterrro@hotmail.com,CN,955,USD
21-Nov-21,Job Done,Worksuite Technologies LTD,desterrro@hotmail.com,TH,379,USD
10-Nov-21,Job Done,Worksuite Technologies LTD,desterrro@hotmail.com,ZW,584,USD
22-Jan-22,Job Done,Worksuite Technologies LTD,desterrro@hotmail.com,CZ,875,USD
06-Dec-21,Job Done,Worksuite Technologies LTD,desterrro@hotmail.com,US,976,USD
12-Jan-22,Job Done,Worksuite Technologies LTD,desterrro@hotmail.com,PH,893,USD
11-Oct-21,Job Done,Worksuite Technologies LTD,desterrro@hotmail.com,FR,768,USD
18-Oct-21,Job Done,Worksuite Technologies LTD,desterrro@hotmail.com,CN,269,USD
18-Dec-21,Job Done,Worksuite Technologies LTD,desterrro@hotmail.com,ID,101,USD
03-Dec-21,Job Done,Worksuite Technologies LTD,desterrro@hotmail.com,BR,961,USD
07-Jan-22,Job Done,Worksuite Technologies LTD,desterrro@hotmail.com,ID,376,USD
02-Dec-21,Job Done,Worksuite Technologies LTD,desterrro@hotmail.com,CN,363,USD
10-Dec-21,Job Done,Worksuite Technologies LTD,desterrro@hotmail.com,CN,800,USD
04-Jan-22,Job Done,Worksuite Technologies LTD,desterrro@hotmail.com,CN,920,USD
15-Nov-21,Job Done,Worksuite Technologies LTD,desterrro@hotmail.com,ID,488,USD
05-Oct-21,Job Done,Worksuite Technologies LTD,desterrro@hotmail.com,CL,345,USD
15-Oct-21,Job Done,Worksuite Technologies LTD,desterrro@hotmail.com,ID,330,USD
31-Oct-21,Job Done,Worksuite Technologies LTD,desterrro@hotmail.com,CN,723,USD
08-Nov-21,Job Done,Worksuite Technologies LTD,desterrro@hotmail.com,TH,540,USD
06-Oct-21,Job Done,Worksuite Technologies LTD,desterrro@hotmail.com,RU,376,USD
21-Nov-21,Job Done,Worksuite Technologies LTD,desterrro@hotmail.com,ID,397,USD
07-Nov-21,Job Done,Worksuite Technologies LTD,desterrro@hotmail.com,CR,884,USD
11-Nov-21,Job Done,Worksuite Technologies LTD,desterrro@hotmail.com,AW,504,USD
15-Oct-21,Job Done,Worksuite Technologies LTD,desterrro@hotmail.com,PT,520,USD
03-Dec-21,Job Done,Worksuite Technologies LTD,ckhandla94@gmail.com,BR,377,USD
29-Sep-21,Job Done,Worksuite Technologies LTD,ckhandla94@gmail.com,CU,486,USD
09-Dec-21,Job Done,Worksuite Technologies LTD,ckhandla94@gmail.com,US,193,USD
29-Nov-21,Job Done,Worksuite Technologies LTD,ckhandla94@gmail.com,BR,787,USD
03-Jan-22,Job Done,Worksuite Technologies LTD,ckhandla94@gmail.com,US,975,USD
12-Oct-21,Job Done,Worksuite Technologies LTD,ckhandla94@gmail.com,CN,900,USD
19-Dec-21,Job Done,Worksuite Technologies LTD,ckhandla94@gmail.com,CZ,821,USD
27-Dec-21,Job Done,Worksuite Technologies LTD,ckhandla94@gmail.com,ID,456,USD
23-Dec-21,Job Done,Worksuite Technologies LTD,ckhandla94@gmail.com,AL,326,USD
23-Oct-21,Job Done,Worksuite Technologies LTD,ckhandla94@gmail.com,CN,977,USD
27-Nov-21,Job Done,Worksuite Technologies LTD,ckhandla94@gmail.com,SE,833,USD
19-Jan-22,Job Done,Worksuite Technologies LTD,ckhandla94@gmail.com,FR,174,USD
06-Dec-21,Job Done,Worksuite Technologies LTD,ckhandla94@gmail.com,ID,989,USD
22-Dec-21,Job Done,Worksuite Technologies LTD,ckhandla94@gmail.com,TH,545,USD
04-Oct-21,Job Done,Worksuite Technologies LTD,ckhandla94@gmail.com,UA,990,USD
22-Dec-21,Job Done,Worksuite Technologies LTD,ckhandla94@gmail.com,NZ,169,USD
02-Jan-22,Job Done,Worksuite Technologies LTD,ckhandla94@gmail.com,FR,432,USD
17-Dec-21,Job Done,Worksuite Technologies LTD,ckhandla94@gmail.com,PH,140,USD
22-Oct-21,Job Done,Worksuite Technologies LTD,ckhandla94@gmail.com,PH,324,USD
29-Nov-21,Job Done,Worksuite Technologies LTD,ckhandla94@gmail.com,SE,692,USD
29-Nov-21,Job Done,Worksuite Technologies LTD,ckhandla94@gmail.com,ID,162,USD
26-Nov-21,Job Done,Worksuite Technologies LTD,ckhandla94@gmail.com,ID,407,USD
20-Nov-21,Job Done,Worksuite Technologies LTD,ckhandla94@gmail.com,JP,146,USD
03-Nov-21,Job Done,Worksuite Technologies LTD,ckhandla94@gmail.com,ID,805,USD
14-Oct-21,Job Done,Worksuite Technologies LTD,ckhandla94@gmail.com,PH,107,USD
23-Jan-22,Job Done,Worksuite Technologies LTD,ckhandla94@gmail.com,MM,578,USD
28-Dec-21,Job Done,Worksuite Technologies LTD,ckhandla94@gmail.com,CZ,944,USD
23-Oct-21,Job Done,Worksuite Technologies LTD,ckhandla94@gmail.com,PT,427,USD
12-Nov-21,Job Done,Worksuite Technologies LTD,ckhandla94@gmail.com,ID,514,USD
07-Dec-21,Job Done,Worksuite Technologies LTD,ckhandla94@gmail.com,ES,786,USD
06-Dec-21,Job Done,Worksuite Technologies LTD,ckhandla94@gmail.com,CO,977,USD
06-Nov-21,Job Done,Worksuite Technologies LTD,ckhandla94@gmail.com,PL,251,USD
05-Oct-21,Job Done,Worksuite Technologies LTD,ckhandla94@gmail.com,CN,844,USD
25-Nov-21,Job Done,Worksuite Technologies LTD,ckhandla94@gmail.com,ID,853,USD
22-Dec-21,Job Done,Worksuite Technologies LTD,ckhandla94@gmail.com,PE,845,USD
27-Oct-21,Job Done,Worksuite Technologies LTD,ckhandla94@gmail.com,GR,435,USD
15-Jan-22,Job Done,Worksuite Technologies LTD,ckhandla94@gmail.com,RU,638,USD
31-Oct-21,Job Done,Worksuite Technologies LTD,ckhandla94@gmail.com,ID,565,USD
07-Jan-22,Job Done,Worksuite Technologies LTD,ckhandla94@gmail.com,AF,852,USD
23-Dec-21,Job Done,Worksuite Technologies LTD,ckhandla94@gmail.com,AL,938,USD
01-Jan-22,Job Done,Worksuite Technologies LTD,ckhandla94@gmail.com,RU,202,USD
05-Dec-21,Job Done,Worksuite Technologies LTD,ckhandla94@gmail.com,CN,214,USD
11-Dec-21,Job Done,Worksuite Technologies LTD,ckhandla94@gmail.com,JP,603,USD
16-Oct-21,Job Done,Worksuite Technologies LTD,ckhandla94@gmail.com,BR,464,USD
02-Jan-22,Job Done,Worksuite Technologies LTD,ckhandla94@gmail.com,SE,280,USD
16-Nov-21,Job Done,Worksuite Technologies LTD,ckhandla94@gmail.com,RU,387,USD
06-Oct-21,Job Done,Worksuite Technologies LTD,ckhandla94@gmail.com,TH,546,USD
04-Nov-21,Job Done,Worksuite Technologies LTD,ckhandla94@gmail.com,TZ,701,USD
09-Dec-21,Job Done,Worksuite Technologies LTD,ckhandla94@gmail.com,CI,139,USD
01-Oct-21,Job Done,Worksuite Technologies LTD,ckhandla94@gmail.com,DO,413,USD
23-Nov-21,Job Done,Worksuite Technologies LTD,yostorono@worksuite.co,RU,435,USD
30-Nov-21,Job Done,Worksuite Technologies LTD,yostorono@worksuite.co,KZ,375,USD
25-Dec-21,Job Done,Worksuite Technologies LTD,yostorono@worksuite.co,BR,374,USD
07-Dec-21,Job Done,Worksuite Technologies LTD,yostorono@worksuite.co,TN,110,USD
16-Dec-21,Job Done,Worksuite Technologies LTD,yostorono@worksuite.co,AR,127,USD
22-Nov-21,Job Done,Worksuite Technologies LTD,yostorono@worksuite.co,CN,706,USD
16-Jan-22,Job Done,Worksuite Technologies LTD,yostorono@worksuite.co,RU,300,USD
03-Oct-21,Job Done,Worksuite Technologies LTD,yostorono@worksuite.co,SL,232,USD
23-Nov-21,Job Done,Worksuite Technologies LTD,yostorono@worksuite.co,BR,342,USD
13-Nov-21,Job Done,Worksuite Technologies LTD,yostorono@worksuite.co,PE,302,USD
27-Oct-21,Job Done,Worksuite Technologies LTD,yostorono@worksuite.co,CN,920,USD
20-Jan-22,Job Done,Worksuite Technologies LTD,yostorono@worksuite.co,CN,193,USD
29-Sep-21,Job Done,Worksuite Technologies LTD,yostorono@worksuite.co,PL,937,USD
20-Oct-21,Job Done,Worksuite Technologies LTD,yostorono@worksuite.co,FI,684,USD
26-Oct-21,Job Done,Worksuite Technologies LTD,yostorono@worksuite.co,RU,143,USD
27-Sep-21,Job Done,Worksuite Technologies LTD,yostorono@worksuite.co,FR,922,USD
23-Jan-22,Job Done,Worksuite Technologies LTD,yostorono@worksuite.co,ID,660,USD
31-Dec-21,Job Done,Worksuite Technologies LTD,yostorono@worksuite.co,BZ,730,USD
07-Nov-21,Job Done,Worksuite Technologies LTD,yostorono@worksuite.co,CN,380,USD
14-Nov-21,Job Done,Worksuite Technologies LTD,yostorono@worksuite.co,BR,378,USD
31-Oct-21,Job Done,Worksuite Technologies LTD,yostorono@worksuite.co,SY,273,USD
18-Oct-21,Job Done,Worksuite Technologies LTD,yostorono@worksuite.co,CN,369,USD
07-Jan-22,Job Done,Worksuite Technologies LTD,yostorono@worksuite.co,PT,434,USD
22-Jan-22,Job Done,Worksuite Technologies LTD,yostorono@worksuite.co,UA,796,USD
11-Jan-22,Job Done,Worksuite Technologies LTD,yostorono@worksuite.co,ID,203,USD
24-Dec-21,Job Done,Worksuite Technologies LTD,yostorono@worksuite.co,PH,895,USD
31-Oct-21,Job Done,Worksuite Technologies LTD,yostorono@worksuite.co,CN,701,USD
03-Dec-21,Job Done,Worksuite Technologies LTD,yostorono@worksuite.co,BR,116,USD
27-Oct-21,Job Done,Worksuite Technologies LTD,yostorono@worksuite.co,NP,157,USD
06-Dec-21,Job Done,Worksuite Technologies LTD,yostorono@worksuite.co,CN,907,USD
15-Dec-21,Job Done,Worksuite Technologies LTD,yostorono@worksuite.co,CN,369,USD
14-Dec-21,Job Done,Worksuite Technologies LTD,yostorono@worksuite.co,CN,204,USD
25-Dec-21,Job Done,Worksuite Technologies LTD,yostorono@worksuite.co,CO,116,USD
06-Jan-22,Job Done,Worksuite Technologies LTD,yostorono@worksuite.co,JM,241,USD
14-Nov-21,Job Done,Worksuite Technologies LTD,yostorono@worksuite.co,CN,324,USD
26-Jan-22,Job Done,Worksuite Technologies LTD,yostorono@worksuite.co,PH,373,USD
02-Nov-21,Job Done,Worksuite Technologies LTD,yostorono@worksuite.co,PH,681,USD
29-Nov-21,Job Done,Worksuite Technologies LTD,yostorono@worksuite.co,FR,429,USD
12-Nov-21,Job Done,Worksuite Technologies LTD,yostorono@worksuite.co,BR,378,USD
20-Jan-22,Job Done,Worksuite Technologies LTD,yostorono@worksuite.co,CN,210,USD
17-Jan-22,Job Done,Worksuite Technologies LTD,yostorono@worksuite.co,VN,105,USD
06-Nov-21,Job Done,Worksuite Technologies LTD,yostorono@worksuite.co,ID,314,USD
03-Nov-21,Job Done,Worksuite Technologies LTD,yostorono@worksuite.co,RU,510,USD
15-Nov-21,Job Done,Worksuite Technologies LTD,yostorono@worksuite.co,CA,162,USD
08-Dec-21,Job Done,Worksuite Technologies LTD,yostorono@worksuite.co,CN,551,USD
11-Dec-21,Job Done,Worksuite Technologies LTD,yostorono@worksuite.co,CN,275,USD
08-Jan-22,Job Done,Worksuite Technologies LTD,yostorono@worksuite.co,ID,688,USD
18-Oct-21,Job Done,Worksuite Technologies LTD,yostorono@worksuite.co,ZA,428,USD
22-Jan-22,Job Done,Worksuite Technologies LTD,yostorono@worksuite.co,ID,445,USD
19-Oct-21,Job Done,Worksuite Technologies LTD,yostorono@worksuite.co,GR,637,USD
06-Jan-22,Job Done,Worksuite Technologies LTD,julia@worksuite.co,FR,802,USD
19-Nov-21,Job Done,Worksuite Technologies LTD,julia@worksuite.co,ID,215,USD
14-Oct-21,Job Done,Worksuite Technologies LTD,julia@worksuite.co,CN,314,USD
16-Jan-22,Job Done,Worksuite Technologies LTD,julia@worksuite.co,SY,371,USD
24-Nov-21,Job Done,Worksuite Technologies LTD,julia@worksuite.co,EE,392,USD
28-Sep-21,Job Done,Worksuite Technologies LTD,julia@worksuite.co,US,598,USD
01-Jan-22,Job Done,Worksuite Technologies LTD,julia@worksuite.co,HN,324,USD
14-Nov-21,Job Done,Worksuite Technologies LTD,julia@worksuite.co,PT,616,USD
22-Nov-21,Job Done,Worksuite Technologies LTD,julia@worksuite.co,LT,625,USD
07-Oct-21,Job Done,Worksuite Technologies LTD,julia@worksuite.co,CA,317,USD
18-Dec-21,Job Done,Worksuite Technologies LTD,julia@worksuite.co,FR,612,USD
07-Oct-21,Job Done,Worksuite Technologies LTD,julia@worksuite.co,BR,959,USD
18-Oct-21,Job Done,Worksuite Technologies LTD,julia@worksuite.co,TJ,335,USD
10-Oct-21,Job Done,Worksuite Technologies LTD,julia@worksuite.co,MR,598,USD
06-Jan-22,Job Done,Worksuite Technologies LTD,julia@worksuite.co,DO,163,USD
26-Dec-21,Job Done,Worksuite Technologies LTD,julia@worksuite.co,PH,112,USD
29-Dec-21,Job Done,Worksuite Technologies LTD,julia@worksuite.co,FM,238,USD
03-Dec-21,Job Done,Worksuite Technologies LTD,julia@worksuite.co,PL,390,USD
23-Jan-22,Job Done,Worksuite Technologies LTD,julia@worksuite.co,PL,398,USD
18-Jan-22,Job Done,Worksuite Technologies LTD,julia@worksuite.co,RU,958,USD
20-Nov-21,Job Done,Worksuite Technologies LTD,julia@worksuite.co,ZA,632,USD
20-Nov-21,Job Done,Worksuite Technologies LTD,julia@worksuite.co,ID,387,USD
10-Oct-21,Job Done,Worksuite Technologies LTD,julia@worksuite.co,PH,287,USD
10-Dec-21,Job Done,Worksuite Technologies LTD,julia@worksuite.co,UG,746,USD
21-Oct-21,Job Done,Worksuite Technologies LTD,julia@worksuite.co,PL,274,USD
04-Jan-22,Job Done,Worksuite Technologies LTD,julia@worksuite.co,CN,971,USD
04-Dec-21,Job Done,Worksuite Technologies LTD,julia@worksuite.co,IL,660,USD
13-Jan-22,Job Done,Worksuite Technologies LTD,julia@worksuite.co,ID,134,USD
03-Jan-22,Job Done,Worksuite Technologies LTD,julia@worksuite.co,IR,834,USD
07-Dec-21,Job Done,Worksuite Technologies LTD,julia@worksuite.co,GR,405,USD
21-Oct-21,Job Done,Worksuite Technologies LTD,julia@worksuite.co,AR,531,USD
28-Nov-21,Job Done,Worksuite Technologies LTD,julia@worksuite.co,ID,737,USD
05-Jan-22,Job Done,Worksuite Technologies LTD,julia@worksuite.co,LV,424,USD
06-Dec-21,Job Done,Worksuite Technologies LTD,julia@worksuite.co,CN,615,USD
11-Jan-22,Job Done,Worksuite Technologies LTD,julia@worksuite.co,SE,399,USD
01-Jan-22,Job Done,Worksuite Technologies LTD,julia@worksuite.co,US,576,USD
24-Jan-22,Job Done,Worksuite Technologies LTD,julia@worksuite.co,ZW,928,USD
30-Dec-21,Job Done,Worksuite Technologies LTD,julia@worksuite.co,JP,901,USD
19-Oct-21,Job Done,Worksuite Technologies LTD,julia@worksuite.co,PT,806,USD
30-Dec-21,Job Done,Worksuite Technologies LTD,julia@worksuite.co,CN,301,USD
10-Oct-21,Job Done,Worksuite Technologies LTD,julia@worksuite.co,US,358,USD
08-Dec-21,Job Done,Worksuite Technologies LTD,julia@worksuite.co,RU,330,USD
16-Nov-21,Job Done,Worksuite Technologies LTD,julia@worksuite.co,CN,136,USD
27-Sep-21,Job Done,Worksuite Technologies LTD,julia@worksuite.co,PE,639,USD
13-Jan-22,Job Done,Worksuite Technologies LTD,julia@worksuite.co,ID,971,USD
21-Nov-21,Job Done,Worksuite Technologies LTD,julia@worksuite.co,ID,145,USD
22-Nov-21,Job Done,Worksuite Technologies LTD,julia@worksuite.co,PH,907,USD
21-Nov-21,Job Done,Worksuite Technologies LTD,julia@worksuite.co,RU,538,USD
11-Jan-22,Job Done,Worksuite Technologies LTD,julia@worksuite.co,MU,781,USD
16-Nov-21,Job Done,Worksuite Technologies LTD,julia@worksuite.co,ID,208,USD
07-Dec-21,Job Done,Worksuite Technologies LTD,julia@worksuite.co,CN,646,USD
17-Dec-21,Job Done,Worksuite Technologies LTD,julia@worksuite.co,CN,926,USD
02-Oct-21,Job Done,Worksuite Technologies LTD,julia@worksuite.co,PH,561,USD
19-Dec-21,Job Done,Worksuite Technologies LTD,julia@worksuite.co,PK,913,USD
01-Nov-21,Job Done,Worksuite Technologies LTD,julia@worksuite.co,ID,974,USD
29-Oct-21,Job Done,Worksuite Technologies LTD,julia@worksuite.co,EE,965,USD
17-Nov-21,Job Done,Worksuite Technologies LTD,julia@worksuite.co,PE,651,USD
24-Oct-21,Job Done,Worksuite Technologies LTD,julia@worksuite.co,BG,763,USD
29-Dec-21,Job Done,Worksuite Technologies LTD,julia@worksuite.co,AL,843,USD
18-Dec-21,Job Done,Worksuite Technologies LTD,julia@worksuite.co,JP,206,USD
10-Jan-22,Job Done,Worksuite Technologies LTD,julia@worksuite.co,JP,619,USD
30-Oct-21,Job Done,Worksuite Technologies LTD,julia@worksuite.co,ID,448,USD
29-Sep-21,Job Done,Worksuite Technologies LTD,julia@worksuite.co,CN,839,USD
20-Dec-21,Job Done,Worksuite Technologies LTD,julia@worksuite.co,CN,271,USD
27-Sep-21,Job Done,Worksuite Technologies LTD,julia@worksuite.co,ID,486,USD
08-Oct-21,Job Done,Worksuite Technologies LTD,julia@worksuite.co,BR,647,USD
07-Dec-21,Job Done,Worksuite Technologies LTD,julia@worksuite.co,AG,872,USD
01-Oct-21,Job Done,Worksuite Technologies LTD,julia@worksuite.co,PH,463,USD
19-Nov-21,Job Done,Worksuite Technologies LTD,julia@worksuite.co,RS,490,USD
28-Oct-21,Job Done,Worksuite Technologies LTD,julia@worksuite.co,PL,159,USD
30-Sep-21,Job Done,Worksuite Technologies LTD,julia@worksuite.co,ID,574,USD
25-Nov-21,Job Done,Worksuite Technologies LTD,julia@worksuite.co,PE,917,USD
17-Dec-21,Job Done,Worksuite Technologies LTD,julia@worksuite.co,CN,767,USD
10-Oct-21,Job Done,Worksuite Technologies LTD,julia@worksuite.co,CO,950,USD
16-Jan-22,Job Done,Worksuite Technologies LTD,julia@worksuite.co,BR,342,USD
02-Nov-21,Job Done,Worksuite Technologies LTD,julia@worksuite.co,NO,911,USD
04-Dec-21,Job Done,Worksuite Technologies LTD,julia@worksuite.co,AR,571,USD
30-Nov-21,Job Done,Worksuite Technologies LTD,julia@worksuite.co,MY,781,USD
20-Jan-22,Job Done,Worksuite Technologies LTD,julia@worksuite.co,TN,173,USD
19-Nov-21,Job Done,Worksuite Technologies LTD,julia@worksuite.co,CN,768,USD
24-Oct-21,Job Done,Worksuite Technologies LTD,julia@worksuite.co,ID,199,USD
20-Dec-21,Job Done,Worksuite Technologies LTD,julia@worksuite.co,TT,309,USD
02-Nov-21,Job Done,Worksuite Technologies LTD,julia@worksuite.co,BR,411,USD
27-Dec-21,Job Done,Worksuite Technologies LTD,julia@worksuite.co,CU,449,USD
30-Oct-21,Job Done,Worksuite Technologies LTD,julia@worksuite.co,MY,457,USD
08-Dec-21,Job Done,Worksuite Technologies LTD,julia@worksuite.co,CN,988,USD
25-Oct-21,Job Done,Worksuite Technologies LTD,julia@worksuite.co,ID,725,USD
26-Oct-21,Job Done,Worksuite Technologies LTD,julia@worksuite.co,CN,746,USD
09-Dec-21,Job Done,Worksuite Technologies LTD,julia@worksuite.co,ID,856,USD
17-Nov-21,Job Done,Worksuite Technologies LTD,julia@worksuite.co,ID,595,USD
18-Dec-21,Job Done,Worksuite Technologies LTD,julia@worksuite.co,PE,456,USD
09-Oct-21,Job Done,Worksuite Technologies LTD,julia@worksuite.co,IS,169,USD
17-Jan-22,Job Done,Worksuite Technologies LTD,julia@worksuite.co,CN,677,USD
11-Nov-21,Job Done,Worksuite Technologies LTD,julia@worksuite.co,PH,684,USD
10-Jan-22,Job Done,Worksuite Technologies LTD,julia@worksuite.co,ID,392,USD
21-Dec-21,Job Done,Worksuite Technologies LTD,julia@worksuite.co,RU,565,USD
06-Oct-21,Job Done,Worksuite Technologies LTD,julia@worksuite.co,CN,135,USD
05-Dec-21,Job Done,Worksuite Technologies LTD,julia@worksuite.co,CN,463,USD
31-Dec-21,Job Done,Worksuite Technologies LTD,julia@worksuite.co,ID,920,USD
17-Oct-21,Job Done,Worksuite Technologies LTD,julia@worksuite.co,ID,935,USD
06-Dec-21,Job Done,Worksuite Technologies LTD,julia@worksuite.co,ID,500,USD
22-Jan-22,Job Done,Worksuite Technologies LTD,julia@worksuite.co,CU,426,USD
01-Nov-21,Job Done,Worksuite Technologies LTD,julia@worksuite.co,FO,208,USD
23-Oct-21,Job Done,Worksuite Technologies LTD,julia@worksuite.co,SI,842,USD
20-Oct-21,Job Done,Worksuite Technologies LTD,julia@worksuite.co,CZ,912,USD
25-Oct-21,Job Done,Worksuite Technologies LTD,julia@worksuite.co,PK,743,USD
20-Jan-22,Job Done,Worksuite Technologies LTD,julia@worksuite.co,CN,160,USD
07-Nov-21,Job Done,Worksuite Technologies LTD,julia@worksuite.co,PE,312,USD
02-Nov-21,Job Done,Worksuite Technologies LTD,julia@worksuite.co,ID,699,USD
21-Nov-21,Job Done,Worksuite Technologies LTD,julia@worksuite.co,RU,614,USD
30-Dec-21,Job Done,Worksuite Technologies LTD,julia@worksuite.co,UA,703,USD
29-Nov-21,Job Done,Worksuite Technologies LTD,julia@worksuite.co,PH,413,USD
25-Jan-22,Job Done,Worksuite Technologies LTD,julia@worksuite.co,CN,876,USD
21-Nov-21,Job Done,Worksuite Technologies LTD,julia@worksuite.co,FR,519,USD
14-Nov-21,Job Done,Worksuite Technologies LTD,julia@worksuite.co,UA,501,USD
13-Oct-21,Job Done,Worksuite Technologies LTD,julia@worksuite.co,RU,975,USD
13-Nov-21,Job Done,Worksuite Technologies LTD,julia@worksuite.co,HT,441,USD
23-Oct-21,Job Done,Worksuite Technologies LTD,julia@worksuite.co,ID,125,USD
19-Nov-21,Job Done,Worksuite Technologies LTD,julia@worksuite.co,CN,517,USD
06-Oct-21,Job Done,Worksuite Technologies LTD,julia@worksuite.co,RU,323,USD
11-Oct-21,Job Done,Worksuite Technologies LTD,julia@worksuite.co,EC,504,USD
04-Dec-21,Job Done,Worksuite Technologies LTD,julia@worksuite.co,HT,901,USD
02-Dec-21,Job Done,Worksuite Technologies LTD,julia@worksuite.co,RU,366,USD
07-Nov-21,Job Done,Worksuite Technologies LTD,julia@worksuite.co,CM,329,USD
29-Dec-21,Job Done,Worksuite Technologies LTD,julia@worksuite.co,ID,336,USD
11-Dec-21,Job Done,Worksuite Technologies LTD,julia@worksuite.co,RU,833,USD
30-Sep-21,Job Done,Worksuite Technologies LTD,julia@worksuite.co,CN,458,USD
31-Oct-21,Job Done,Worksuite Technologies LTD,julia@worksuite.co,CN,262,USD
17-Dec-21,Job Done,Worksuite Technologies LTD,julia@worksuite.co,WS,172,USD
01-Jan-22,Job Done,Worksuite Technologies LTD,julia@worksuite.co,CN,577,USD
17-Dec-21,Job Done,Worksuite Technologies LTD,julia@worksuite.co,MK,152,USD
06-Nov-21,Job Done,Worksuite Technologies LTD,julia@worksuite.co,RU,328,USD
11-Oct-21,Job Done,Worksuite Technologies LTD,julia@worksuite.co,CA,483,USD
19-Jan-22,Job Done,Worksuite Technologies LTD,julia@worksuite.co,ID,556,USD
06-Dec-21,Job Done,Worksuite Technologies LTD,julia@worksuite.co,CN,999,USD
08-Nov-21,Job Done,Worksuite Technologies LTD,julia@worksuite.co,PL,161,USD
30-Oct-21,Job Done,Worksuite Technologies LTD,julia@worksuite.co,AZ,207,USD
16-Oct-21,Job Done,Worksuite Technologies LTD,julia@worksuite.co,US,512,USD
01-Jan-22,Job Done,Worksuite Technologies LTD,julia@worksuite.co,EG,722,USD
15-Jan-22,Job Done,Worksuite Technologies LTD,julia@worksuite.co,PL,419,USD
20-Oct-21,Job Done,Worksuite Technologies LTD,julia@worksuite.co,CN,967,USD
17-Dec-21,Job Done,Worksuite Technologies LTD,julia@worksuite.co,CN,194,USD
22-Jan-22,Job Done,Worksuite Technologies LTD,julia@worksuite.co,PH,277,USD
23-Jan-22,Job Done,Worksuite Technologies LTD,julia@worksuite.co,BD,651,USD
18-Jan-22,Job Done,Worksuite Technologies LTD,julia@worksuite.co,RU,401,USD
01-Nov-21,Job Done,Worksuite Technologies LTD,julia@worksuite.co,SE,980,USD
05-Nov-21,Job Done,Worksuite Technologies LTD,julia@worksuite.co,US,880,USD
18-Oct-21,Job Done,Worksuite Technologies LTD,julia@worksuite.co,PH,572,USD
03-Oct-21,Job Done,Worksuite Technologies LTD,julia@worksuite.co,ID,523,USD
30-Nov-21,Job Done,Worksuite Technologies LTD,julia@worksuite.co,CO,289,USD
05-Nov-21,Job Done,Worksuite Technologies LTD,julia@worksuite.co,PL,500,USD
05-Dec-21,Job Done,Worksuite Technologies LTD,julia@worksuite.co,RU,572,USD
15-Nov-21,Job Done,Worksuite Technologies LTD,julia@worksuite.co,JP,148,USD
25-Oct-21,Job Done,Worksuite Technologies LTD,julia@worksuite.co,CA,634,USD
08-Dec-21,Job Done,Worksuite Technologies LTD,julia@worksuite.co,PL,747,USD
23-Nov-21,Job Done,Worksuite Technologies LTD,julia@worksuite.co,UA,306,USD
10-Oct-21,Job Done,Worksuite Technologies LTD,julia@worksuite.co,CL,103,USD
01-Jan-22,Job Done,Worksuite Technologies LTD,julia@worksuite.co,PK,234,USD
02-Nov-21,Job Done,Worksuite Technologies LTD,julia@worksuite.co,CN,107,USD
08-Jan-22,Job Done,Worksuite Technologies LTD,julia@worksuite.co,SY,586,USD
26-Dec-21,Job Done,Worksuite Technologies LTD,julia@worksuite.co,PT,881,USD
03-Jan-22,Job Done,Worksuite Technologies LTD,julia@worksuite.co,MA,664,USD
25-Nov-21,Job Done,Worksuite Technologies LTD,julia@worksuite.co,FR,714,USD
26-Nov-21,Job Done,Worksuite Technologies LTD,julia@worksuite.co,SY,333,USD
13-Nov-21,Job Done,Worksuite Technologies LTD,julia@worksuite.co,RU,362,USD
24-Jan-22,Job Done,Worksuite Technologies LTD,julia@worksuite.co,NL,874,USD
17-Dec-21,Job Done,Worksuite Technologies LTD,julia@worksuite.co,UA,774,USD
24-Jan-22,Job Done,Worksuite Technologies LTD,julia@worksuite.co,US,568,USD
15-Oct-21,Job Done,Worksuite Technologies LTD,julia@worksuite.co,AM,211,USD
05-Oct-21,Job Done,Worksuite Technologies LTD,julia@worksuite.co,PE,920,USD
09-Oct-21,Job Done,Worksuite Technologies LTD,julia@worksuite.co,RU,931,USD
